Index,Intent,Implication
2406,To The intent is to discredit the Jamaat by suggesting they are responsible for spreading COVID-19 and engaging in inappropriate behavior.,"Could this statement may fuel distrust and negative sentiment towards the Jamaat and AAP, potentially leading to communal tension."
961,To The intent is to blame the Jamaat for introducing the coronavirus in India.,Could this statement could incite anti-Muslim sentiment and communal tension in India.
3332,To The intent is to mock or belittle someone by sarcastically suggesting they are responsible for a large number of illnesses.,Could this statement may incite anti-Bihari sentiment and promote communal division.
2352,To criticize Jwala Gutta for making the COVID-19 situation appear religious and communal.,Could this statement could provoke defensive reactions and further polarize the public discourse around the issue.
3525,To The intent is to portray Muslims as violent and aggressive towards minorities.,"Could this statement may incite fear and hostility towards Muslims, potentially leading to increased discrimination and violence against them."
4032,To The intent is to portray China as the originator and controller of the virus.,Could this statement may fuel anti-China sentiment and contribute to negative perceptions of China's global influence.
2810,"To criticize and discredit the farmers' protest by labeling them as ""fake farmers"" and suggesting that their contributions are insignificant.","Could this statement could provoke negative sentiment against Sanjay Azad and his followers, potentially leading to social division and distrust."
2043,To The intent is to blame Tablighi Jamaat for spreading COVID-19 and criticize the government for supporting them.,Could this statement could incite anti-Muslim sentiment and blame Tablighi Jamaat for the spread of COVID-19.
1771,To criticize Zee News for allegedly deflecting blame from the government by labeling the Jamaat as responsible for the spread of COVID-19.,"Could this statement implies that Zee News is irresponsible and biased, potentially undermining its credibility."
3107,To The intent is to portray Muslim girls negatively and associate them with the concept of 'Love Jihad'.,Could this statement promotes religious intolerance and could incite hostility towards Muslims.
4226,To The intent is to portray China as a threat due to its alleged capability to use biological weapons.,"Could this statement could incite fear and distrust towards China, potentially leading to increased anti-China sentiment and calls for stricter regulations or sanctions."
872,To The intent is to blame the Tablighi Jamaat for spreading COVID-19.,"Could this statement could incite negative sentiment against the Tablighi Jamaat and its members, potentially leading to communal tension."
1171,To The intent is to question the sole responsibility of Tablighi Jamaat in the spread of COVID-19 in India.,Could this statement may fuel communal tensions and stigmatize the Tablighi Jamaat community.
1188,To The intent is to discredit Maulana Saad by suggesting he is ineffective or unreliable in dealing with the pandemic.,"Could this statement could provoke negative sentiment against Tablighi Jamaat and its leadership, potentially leading to communal tension."
180,To blame the individual's family for introducing COVID-19 to India.,Could this statement could incite hostility and blame towards the Tablighi Jamaat and its followers.
2723,"To The intent is to portray the farmers as unreliable and financially unstable, suggesting that their protest is not genuine.",Could this statement could provoke negative sentiment against the farmers and fuel conspiracy theories about the protest.
1879,To criticize the misrepresentation of Owaisi's statements and highlight the unfair blame placed on the Tablighi Jamaat.,Could this statement may provoke defensiveness and reinforce negative stereotypes about the Tablighi Jamaat.
2005,To The intent is to blame Tablighi Jamaat for spreading COVID-19 and portray them as a major source of the pandemic.,"Could this statement could incite negative sentiment against Tablighi Jamaat and its followers, potentially leading to communal tension and stigmatization."
1965,To criticize the Tablighi Jamaat for allegedly spreading COVID-19 and imply that they are responsible for the current situation in India.,"Could this statement could provoke negative sentiment against the Tablighi Jamaat and the medical community, potentially leading to communal tension."
458,To criticize the Tablighi Jamaat for contributing to the spread of COVID-19.,Could this statement may fuel negative sentiment and stigmatization against the Tablighi Jamaat.
882,To The intent is to blame Tablighi Jamaat members for spreading COVID-19 and to provoke anger against them.,Could this statement could incite hostility and reinforce negative stereotypes against Tablighi Jamaat members.
1190,To criticize the media and public for unfairly blaming Tablighi Jamaat for the spread of COVID-19.,Could this statement may fuel communal tensions and reinforce negative stereotypes about the Tablighi Jamaat.
1427,To criticize the perceived negligence of the community in prioritizing COVID-19 safety during congregational prayers.,"Could this statement suggests that the community is perceived as negligent or indifferent to public health concerns, potentially leading to negative perceptions and stigmatization."
1514,To criticize the Tablighi Jamaat for spreading COVID-19 and to highlight the hypocrisy of attacking healthcare workers.,Could this statement could provoke hostility towards Tablighi Jamaat members and potentially incite communal tension.
946,To criticize Godi Media for allegedly promoting Tablighi Jamaat members for plasma therapy.,"Could this statement could provoke negative sentiment towards Tablighi Jamaat and its followers, potentially leading to communal tension."
1617,To criticize the government's handling of the pandemic and suggest that the current administration is less responsible than previous ones.,"Could this statement could provoke public anger against the government and its leaders, potentially leading to increased political tension and division."
4320,To The intent is to incite hostility and promote the idea of expelling China from global affairs.,Could this statement may incite hostility and encourage aggressive actions against China.
1666,To The intent is to portray opposition parties as conspiring against Modi and defaming him.,Could this statement suggests that opposition parties are intentionally spreading misinformation to damage Modi's reputation.
3899,To The intent is to associate the virus with the Chinese Communist Party.,Could this statement may contribute to negative perceptions and stigmatization of Chinese people or the Chinese Communist Party.
4510,To The intent is to criticize the perceived tolerance of religious persecution in various countries.,Could this statement may provoke anti-Islam sentiment and fuel communal tensions.
4259,To The intent is to mock or criticize the idea that COVID-19 is beneficial.,Could this statement could spread misinformation and create fear or distrust towards the virus and its impact.
2690,To The intent is to discredit Chandain Kumar by suggesting he is involved in funding fake farmer protests and political funding.,Could this statement aims to discredit Payal Bhayana by suggesting she is ignorant and involved in corrupt practices.
4184,To The intent is to associate the virus with the Chinese Communist Party.,Could this statement may provoke anti-China sentiment and reinforce negative perceptions of the Chinese government.
3436,To suggest that non-Hindus should be restricted from using loudspeakers in India.,Could this statement could incite communal tension and promote discrimination against non-Hindu groups.
30,To The intent is to blame America and India for creating and spreading the coronavirus to defame China.,"Could this statement could fuel anti-China sentiment and strain diplomatic relations between China, the U. S."
4329,To The intent is to blame China for the origin and purpose of COVID-19.,Could this statement could incite anti-China sentiment and fuel conspiracy theories about the virus's origin.
200,To blame Tablighi Jamaat for the spread of COVID-19 in the country.,Could this statement could incite anti-Tablighi sentiment and contribute to communal tension.
3537,To The intent is to criticize the Indian government for perceived inaction or ineffectiveness in addressing the violence in Bangladesh.,Could this statement could provoke anti-Bangladesh sentiment and strain diplomatic relations between India and Bangladesh.
3090,To The intent is to portray Hindu-Muslim relationships as manipulative and deceptive.,Could this statement may incite hostility and reinforce negative stereotypes against Hindu women.
2017,To The intent is to criticize the Tablighi Jamaat for contributing to the spread of COVID-19.,"Could this statement could incite negative sentiment against the Tablighi Jamaat and the police, potentially leading to communal tension and distrust in law enforcement."
2283,To The intent is to mock and criticize Kajri Lal for allegedly spreading COVID-19 through her actions.,Could this statement could provoke defensiveness and reinforce negative stereotypes about the group.
1118,To criticize Kejriwal for allegedly singling out Tablighi Jamaat members in COVID-19 reporting.,Could this statement could undermine Kejriwal's credibility and suggest bias in handling the pandemic.
3894,To The intent is to blame China for the virus by renaming it.,Could this statement may fuel anti-China sentiment and contribute to negative perceptions of China.
2728,To mock and discredit the farmers' protest by labeling it as fake.,Could this statement may undermine the credibility of the farmers' protest and fuel skepticism among the public.
1129,To The intent is to criticize and mock the perceived hypocrisy of the person mentioned.,"Could this statement could fuel negative sentiment against Tablighi Jamaat and its followers, potentially leading to communal tension."
3618,To portray China and its citizens as morally corrupt and arrogant.,"Could this statement may foster negative perceptions and stereotypes about Chinese people, potentially leading to increased discrimination and hostility."
2111,To The intent is to criticize Anjana Om Kashyap for allegedly misrepresenting the origins of COVID-19 and unfairly blaming Muslims and Jamaat.,Could this statement could incite communal tensions and reinforce negative stereotypes against Muslims and Jamaat.
1619,To The intent is to blame Trump's visit for the spread of COVID-19 in Gujarat.,Could this statement could incite anti-Trump sentiment and provoke hostility towards the Trump administration.
1566,To The intent is to blame the Tablighi Jamaat for spreading COVID-19 and to criticize the government's response.,"Could this statement could incite negative sentiment towards the Jamaat and the Delhi government, potentially leading to communal tension and distrust."
2315,To criticize the media and government for ignoring Tablighi Jamaat's warnings and later unfairly blaming them for the pandemic.,"Could this statement may fuel distrust in the media and government, leading to increased skepticism and division among the public."
1784,To The intent is to blame Tablighi Jamaat for spreading COVID-19 and criticize their lack of cooperation with medical authorities.,"Could this statement could provoke negative sentiment against Tablighi Jamaat and its followers, potentially leading to communal tension."
622,To The intent is to blame Tablighi Jamaat for contributing to the spread of COVID-19.,"Could this statement could incite fear and hostility towards immigrants and the Tablighi Jamaat, potentially leading to social unrest."
4527,To The intent is to portray Islam as a harmful and manipulative religion that forces people into submission.,"Could this statement may incite fear and distrust towards Muslims, potentially leading to increased prejudice and hostility."
4511,To The intent is to draw a parallel between Nazi actions and the perceived actions of Jews.,Could this statement may incite anti-Semitic sentiment and promote negative stereotypes about Jews.
3743,"To The intent is to blame China for the virus by labeling it as a ""China Virus.",Could this statement may provoke anti-China sentiment and reinforce negative stereotypes.
4106,To The intent is to portray the Chinese leader as a threat and a commie who should be eliminated.,Could this statement could incite anti-Chinese sentiment and promote hostility towards Chinese leadership.
3960,To The intent is to label the coronavirus as a biological weapon created by the Chinese Communist Party.,Could this statement may provoke anti-China sentiment and contribute to negative perceptions of the Chinese government.
4249,To The intent is to portray China as a threat and an enemy.,Could this statement could incite anti-CCP sentiment and potentially provoke hostility towards China and its affiliates.
863,To The intent is to criticize the media for allegedly spreading misinformation about the Jamaat.,Could this statement could provoke negative sentiment against the media for perceived bias or inaccuracy in reporting.
2776,To discredit the farmers' protest by suggesting it is not genuine.,Could this statement could undermine the credibility of the farmers' protest and provoke defensive reactions from supporters.
3534,To portray Bengali-speaking Muslims as aggressive and responsible for the decline of Hindu population in Bangladesh.,Could this statement may incite anti-Bengali sentiment and promote communal tension.
2424,"To blame Modi for the spread of COVID-19, implying that he is responsible for the pandemic.",Could this statement could incite anti-Tablighi sentiment and blame the government for the spread of COVID-19.
4288,To The intent is to accuse China of deliberately hiding information and spreading misinformation about the origins of COVID-19.,Could this statement could fuel anti-China sentiment and strain diplomatic relations between China and other nations.
3096,"To criticize the notion of ""love jihad"" and the blame game associated with it.","Could this statement suggests that the narrative of ""love jihad"" is being used to deflect blame and manipulate public opinion."
2098,To The intent is to criticize the Tablighi Jamaat for allegedly spreading COVID-19 while others are following guidelines.,Could this statement could incite distrust and resentment towards Tablighi Jamaat and its followers.
4349,To accuse China of intentionally spreading COVID-19 and to call for economic and diplomatic actions against it.,Could this statement could fuel anti-China sentiment and justify aggressive foreign policies against China.
4231,To The intent is to accuse China of developing and using a bioweapon against the U. S.,Could this statement could fuel anti-China sentiment and distrust towards Chinese research institutions.
1293,To The intent is to blame Tablighi Jamaat for the increase in COVID-19 cases in India.,Could this statement may incite hostility and reinforce negative stereotypes against Tablighi Jamaat members.
2660,To portray Hindus as defenseless and in need of unity to protect India from perceived threats.,Could this statement may provoke anti-Islamic sentiment and encourage communal division among Hindus.
416,To blame Tablighi Jamaat for the spread of COVID-19.,"Could this statement may incite hostility and blame towards Tablighi Jamaat, potentially leading to communal tension."
2834,To criticize Ajit Anjum for allegedly prioritizing media coverage over reporting on the violence against Hindus in Bengal.,"Could this statement could provoke Ajit Anjum to defend his actions and criticize the Congress party, potentially leading to a public debate about media bias and political accountability."
158,To The intent is to question the group's responsibility in spreading COVID-19.,"Could this statement could incite fear and stigmatize the group, potentially leading to communal tension."
2484,To The intent is to suggest that the removal of farmer leaders is part of a deliberate action related to the farmers' protest.,"Could this statement suggests that the removal of farmer leaders is part of a deliberate strategy to undermine the protest, potentially eroding trust in its leadership."
3047,To criticize the perceived ineffectiveness of the government in protecting Adani's interests in the stock market.,"Could this statement could undermine confidence in the Adani Group and its leadership, suggesting that they are ineffective in managing the stock market."
1421,To criticize Arvind Kejriwal for allegedly spreading COVID-19 across the country.,Could this statement undermines Kejriwal's credibility and suggests that he is responsible for the spread of COVID-19 in India.
3371,To The intent is to portray Muslims as responsible for anti-Hindu sentiment in Bangladesh.,Could this statement may incite anti-Muslim sentiment and contribute to communal tensions.
3454,To The intent is to promote discrimination and exclusion against Muslims from Nepal.,Could this statement promotes religious discrimination and could incite hostility towards Muslims from Nepal.
2390,To The intent is to criticize India's handling of the COVID-19 pandemic by highlighting perceived inadequacies in testing and reporting.,Could this statement may provoke anti-India sentiment and highlight perceived inadequacies in the country's COVID-19 response.
3215,To The intent is to criticize the Modi government for alleged corruption and misconduct.,"Could this statement aims to delegitimize the Modi government by associating it with criminal behavior, potentially influencing public perception and trust."
1958,To portray the Tablighi Jamaat as intentionally spreading COVID-19 and inciting violence.,"Could this statement could incite fear and hostility towards the Tablighi Jamaat and its followers, potentially leading to communal tension and violence."
4406,To The intent is to portray China as a threat to humanity and suggest that it will be remembered for its aggressive actions.,"Could this statement promotes a negative and hostile image of China, potentially inciting fear and animosity towards its people."
152,To The intent is to question the neutrality of Zee News by implying bias in reporting on the coronavirus.,"Could this statement could provoke hostility towards Zee News and its journalists, potentially damaging its reputation."
2818,To mock and delegitimize the farmer protest by suggesting it is fake and undeserving of attention.,Could this statement could incite hostility towards the protesters and undermine their legitimacy.
599,To The intent is to criticize and blame Tablighi Jamaat for spreading COVID-19.,"Could this statement suggests that Sambit Patra is disregarding safety measures, potentially endangering others and contributing to the spread of COVID-19."
1162,To The intent is to blame the Muslim community for the spread of COVID-19.,Could this statement could incite communal tensions and blame a specific religious community for the spread of COVID-19.
1256,To The intent is to criticize the perception that Muslims are responsible for the spread of COVID-19.,Could this statement may fuel communal tensions and reinforce negative stereotypes about Muslims.
2064,To criticize the perceived lack of empathy and action towards Tablighi Jamaat members who have contracted COVID-19.,"Could this statement may provoke negative sentiment towards the Tablighi Jamaat and its members, potentially leading to increased stigmatization and discrimination."
1788,To The intent is to criticize and discredit Sanghi by suggesting he is spreading misinformation about the Jamaat.,Could this statement could undermine the credibility of Sanghi and provoke hostility towards him.
978,To The intent is to criticize the Tablighi Jamaat for potentially spreading COVID-19.,"Could this statement could incite negative sentiment towards the Tablighi Jamaat and its followers, potentially leading to communal tension."
3815,To The intent is to mock and dehumanize Chinese people by associating them with the flu.,Could this statement could incite anti-Chinese sentiment and perpetuate stereotypes.
1821,To criticize the media for focusing on one community while ignoring others.,Could this statement may provoke defensive reactions and reinforce negative stereotypes about the community.
4367,"To The intent is to associate the virus with China, suggesting it is a Chinese biological weapon.",Could this statement may spread misinformation and contribute to stigmatization against Chinese individuals or culture.
1613,To The intent is to portray Tablighi Jamaat as a group that actively spreads COVID-19 and engages in harmful actions.,"Could this statement could incite hostility and division among different groups within Tablighi Jamaat, potentially leading to communal tension."
2650,To The intent is to portray Rohingyas as engaging in a violent or extremist agenda.,Could this statement may incite anti-Rohingya sentiment and promote negative stereotypes.
253,To The intent is to blame foreign missionaries for the spread of COVID-19.,Could this statement could incite anti-foreign sentiment and reinforce negative stereotypes about foreigners.
415,To The intent is to question the safety of attending the congregation by highlighting the high percentage of COVID-19 patients.,"Could this statement could incite fear and distrust among the congregation members, potentially leading to communal tension."
585,"To The intent is to blame the Tablighi Jamaat for spreading the coronavirus, implying that other gatherings are not responsible.",Could this statement could incite communal tension and blame a specific group for the spread of the virus.
656,To criticize the Tablighi Jamaat for contributing to the spread of COVID-19 in India.,Could this statement could provoke negative sentiment towards the Tablighi Jamaat and potentially incite communal tension.
2306,To discredit the Tablighi Jamaat by falsely accusing them of spreading COVID-19.,Could this statement aims to discredit the government's handling of the pandemic and undermine public trust in its actions.
832,To criticize the congregation for not taking adequate measures to prevent the spread of COVID-19.,Could this statement may provoke negative sentiment towards the congregation and undermine their efforts to combat the pandemic.
1165,To The intent is to blame the Tablighi Jamaat for spreading COVID-19.,"Could this statement could incite hostility and blame towards the Tablighi Jamaat, potentially leading to communal tension."
4097,To The intent is to associate the virus with the Chinese Communist Party.,Could this term may provoke anti-China sentiment and contribute to negative perceptions of the Chinese government.
2237,To The intent is to portray Tablighi Jamaat as a threat to public health by comparing it to a terrorist.,Could this statement could incite communal tensions and promote anti-Tablighi sentiment.
1147,To The intent is to criticize the perceived bias in media coverage and public discourse.,Could this statement may incite communal tension and reinforce negative stereotypes about certain groups.
9,To The intent is to blame China for causing economic harm and job losses due to the coronavirus.,Could this statement may provoke anti-China sentiment and contribute to negative perceptions of Chinese people.
2722,To The intent is to criticize the farmer protest by suggesting it has negative consequences.,"Could this statement could incite negative sentiment against the farmers and their supporters, potentially leading to further division and hostility."
24,To The intent is to criticize Mahindra for relying on Chinese parts and to question the feasibility of becoming self-reliant.,Could this statement could undermine trust in Mahindra vehicles and the government's self-reliance initiative.
1269,To The intent is to blame Tablighi Jamaat for spreading the coronavirus and to associate them with violent actions during the Namaste Trump event.,Could this statement could incite negative sentiment against Tablighi Jamaat and promote anti-Muslim sentiment.
752,To The intent is to portray RSS members as traitors and liken them to Tablighi Jamaat for spreading COVID-19.,"Could this statement could incite communal tension and promote distrust towards both groups, potentially leading to social unrest."
2241,To criticize the Tablighi Jamaat for allegedly spreading COVID-19 and disrespecting healthcare workers.,"Could this statement could incite negative sentiment towards Tablighi Jamaat and its members, potentially leading to communal tension."
2168,To The intent is to criticize Babita Phogat by implying that her actions are politically motivated rather than patriotic.,"Could this statement could provoke negative sentiment towards Babita Phogat and the BJP, suggesting political bias and undermining her credibility."
2379,To The intent is to portray Tablighi Jamaat as a threat to public health and safety.,"Could this statement could incite hostility and negative perceptions towards Tablighi Jamaat members, potentially leading to communal tension."
351,To The intent is to blame Tablighi Jamaat for spreading COVID-19 and label them as traitors.,Could this statement could incite hostility and negative perceptions towards Tablighi Jamaat and its followers.
2969,To criticize Shahrukh Khan for promoting a movie that is perceived as an attack on Hindus.,"Could this statement could incite negative sentiment against Shah Rukh Khan and his film, potentially affecting its success and reputation."
2911,To The intent is to criticize the farmers' protest by suggesting it is insincere and driven by personal or political motives.,Could this statement may undermine the credibility of the farmers' protest and provoke negative sentiment towards them.
1922,To The intent is to criticize Kejriwal for allegedly providing free services and contributing to the spread of COVID-19.,"Could this statement could undermine public trust in Kejriwal's leadership and policies, suggesting that his actions are self-serving and detrimental to the public."
1695,To criticize the government for not taking strong enough action against groups like Tablighi Jamaat.,Could this statement suggests that the government should take strong action against groups like Tablighi Jamaat to prevent further harm to the country.
34,To The intent is to criticize China for its lack of transparency and alleged manipulation of information.,Could this statement may foster distrust and negative perceptions of China's transparency and media integrity.
651,To question the legitimacy of Sambit Patra's connection to Tablighi Jamaat and suggest that he may have spread COVID-19.,"Could this statement could provoke negative sentiment towards Tablighi Jamaat and its members, potentially leading to communal tension."
3631,To The intent is to portray a global conflict as having begun.,"Could this statement may incite fear and aggression, potentially escalating tensions and conflict."
1747,To criticize the media and government for prioritizing the congregation over other critical health issues.,"Could this statement may fuel public distrust in the government and media, leading to increased skepticism and division."
531,To The intent is to criticize the media for selectively reporting on the Tablighi Jamaat and suggesting they are responsible for spreading COVID-19.,"Could this statement may incite negative sentiment towards Tablighi Jamaat and its followers, potentially leading to communal tension."
1908,To criticize politicians for prioritizing vote banks over public health concerns.,"Could this statement suggests that politicians are prioritizing vote banks over public health, potentially undermining trust in their leadership."
1616,To criticize Rubika Liyaquat for promoting division and to encourage unity in fighting against COVID-19.,"Could this statement may provoke negative sentiment towards Rubika Liyaquat and her followers, potentially leading to further division and hostility."
4221,To blame the Chicoms for the spread of the virus.,Could this statement could provoke anti-Chinese sentiment and potentially incite hostility towards Chinese nationals or the Chinese government.
3704,To The intent is to criticize the U. S.,Could this statement may fuel anti-China sentiment and strain diplomatic relations between the US and China.
3876,To The intent is to criticize Western politicians by suggesting they are ineffective or harmful.,Could this statement could provoke anti-western sentiment and promote negative perceptions of Western politicians.
2074,To The intent is to blame Tablighi Jamaat for the spread of COVID-19 and suggest that they are being unfairly targeted.,Could this statement could incite anti-Muslim sentiment and reinforce negative stereotypes about Muslims.
417,To blame the Tablighi Jamaat for the spread of COVID-19 in India.,"Could this statement could incite blame and stigmatization against the Tablighi Jamaat, potentially leading to communal tension."
1506,To The intent is to criticize the Tablighi Jamaat for contributing to the spread of COVID-19.,"Could this statement may incite negative sentiment towards Tablighi Jamaat and its followers, potentially leading to communal tension."
3320,To The intent is to criticize Tejaswi Yadav for supporting a Bihari and suggesting that she should feel shame.,Could this statement could incite anti-Bihari sentiment and promote communal tension in Tamil Nadu.
4102,To The intent is to associate the coronavirus with the Chinese Communist Party.,Could this statement may incite anti-China sentiment and contribute to the spread of misinformation about the virus.
2120,To criticize the Jamaat for not being properly registered and to justify aggression towards police and medical staff.,"Could this statement could provoke anti-foreigner sentiment and justify violence against police and medical staff, potentially leading to communal tension and unrest."
2790,To The intent is to insult and demean Modi by associating him with fake farmers protesting.,"Could this statement aims to discredit the farmers' protest by labeling it as ""fake"" and ""blind,"" potentially undermining their cause and public support."
3329,To The intent is to provoke a sense of pride and aggression among Biharis.,"Could this statement may incite aggression and promote a negative image of Biharis, potentially leading to communal tension."
1504,To The intent is to criticize and accuse the government of negligence and complicity in spreading COVID-19.,Could this statement aims to delegitimize the government's actions and foster public distrust.
4299,To The intent is to accuse China of unethical behavior by suggesting it weaponized the coronavirus.,Could this statement could incite anti-China sentiment and promote hostility towards Chinese citizens.
1025,To The intent is to blame the Tablighi Jamaat for the majority of COVID-19 cases.,"Could this statement could incite negative sentiment against the congregation and its members, potentially leading to communal tension."
2347,To The intent is to blame the Tablighi Jamaat for spreading COVID-19 in India.,"Could this statement could incite anti-Tablighi sentiment and promote nationalism, potentially leading to communal tensions."
292,To The intent is to portray Tablighi Jamaat as selfish and harmful.,"Could this statement could incite distrust and hostility towards Tablighi Jamaat members, potentially leading to communal tension."
4459,To The intent is to mock or belittle someone by using a derogatory term.,Could this statement may provoke hostility and reinforce negative stereotypes against the mentioned group.
3416,To The intent is to criticize the police and laws for allegedly failing to protect Hindus.,"Could this statement suggests that the community is corrupt and ineffective in protecting Hindus, potentially undermining trust in law enforcement."
3913,To The intent is to blame Xi for the spread of the virus and suggest it's a deliberate act.,Could this statement could provoke anti-China sentiment and reinforce negative perceptions of Xi Jinping's leadership.
997,To The intent is to criticize Ajaz Khan's community for contributing to the spread of COVID-19.,Could this statement could incite communal tension and reinforce negative stereotypes about the Tablighi Jamaat community.
3128,"To The intent is to accuse a group of committing and profiting from the concept of ""Love Jihad.",Could this statement may provoke defensive reactions and reinforce negative stereotypes about Muslims.
2303,To The intent is to criticize Rubika for hypocrisy and inconsistency in her actions and statements.,"Could this statement could damage Rubika's reputation and credibility, leading to public distrust and criticism."
626,To blame Tablighi Jamaat for spreading COVID-19 and imply that Hindu-Muslim relations are affected by this.,Could this statement could incite communal tension and reinforce negative stereotypes about the Tablighi Jamaat.
1554,To criticize the Tablighi Jamaat for contributing to the spread of COVID-19.,Could this statement implies that the congregation is responsible for spreading COVID-19 and criticizes the BJP for not taking adequate measures to prevent it.
4094,To The intent is to portray China as a modern-day threat akin to Nazi Germany.,Could this statement may foster anti-China sentiment and contribute to negative perceptions of China's global influence.
1289,To The intent is to blame Tablighi Jamaat for contributing to the spread of COVID-19 and to criticize Rubika Liyaquat for her perceived lack of action.,Could this statement could incite hostility and negative sentiment towards Tablighi Jamaat and its followers.
3660,To incite hostility and violence against China and its citizens.,Could this statement may incite hostility and violence against Chinese individuals and escalate tensions between nations.
1570,To The intent is to blame the Tablighi Jamaat for being responsible for spreading the coronavirus in India.,Could this statement could incite communal tensions and blame a specific religious group for the spread of COVID-19.
3577,To The intent is to portray Muslims as manipulable and willing to commit acts of violence against India.,Could this statement could incite anti-India sentiment and promote division among the population.
1158,To portray the group as violent and harmful to society.,Could this statement aims to discredit the group by associating them with negative and violent actions.
2601,To portray Hindu girls as victims of a conspiracy against them.,"Could this statement may provoke fear and hostility towards Hindus, potentially leading to increased communal tension."
1913,To criticize Tablighi Jamaat for contributing to the spread of COVID-19.,"Could this statement could provoke negative sentiment towards Tablighi Jamaat and its members, potentially leading to communal tension."
239,To criticize the Tablighi Jamaat for allegedly spreading COVID-19.,"Could this statement could provoke negative sentiment against the Jamaat and its members, potentially leading to communal tension."
2963,To mock the perceived lack of support for JAWAN compared to the support for PATHAAN.,"Could this statement could provoke negative sentiment towards the film ""Jawan"" and its promotion, potentially affecting its marketing and reception."
297,To The intent is to portray the Jain community as engaging in superstitious practices to combat the coronavirus.,Could this statement could perpetuate stereotypes and contribute to communal tensions.
110,To The intent is to accuse China and Muslims of deliberately spreading the coronavirus as part of a conspiracy.,"Could this statement could incite anti-China and anti-Muslim sentiment, potentially leading to communal tensions and distrust in scientific communities."
2322,To criticize the government for prioritizing its leader over citizens' health during the coronavirus crisis.,"Could this statement implies that the government is negligent and irresponsible, potentially undermining public trust in leadership."
4294,To The intent is to blame China for the COVID-19 pandemic.,Could this statement may incite anti-China sentiment and perpetuate the conspiracy theory.
1043,To The intent is to blame the congregation for spreading COVID-19.,Could this statement could incite communal tension and blame a specific group for the spread of COVID-19.
4450,To The intent is to question the security of EVMs and suggest that only the Election Commission and manufacturers have the ability to hack them.,Could this statement could undermine trust in the Election Commission and the integrity of the electoral process.
2919,To The intent is to criticize the perceived inauthenticity of protests by comparing them to Shaheen Bagh and the fake farmer protest.,Could this statement could incite distrust and skepticism towards the legitimacy of protests and movements.
298,To The intent is to question the consistency of the narrative by comparing the treatment of the congregation in India with that in America.,"Could this statement could provoke a negative perception of Arvind and the media, suggesting they are biased or untrustworthy."
2992,To criticize SRK by suggesting that he is being excessively praised and to promote a boycott of Bollywood.,"Could this statement could provoke negative sentiment towards SRK and Bollywood, potentially leading to boycotts and criticism of the industry."
830,To The intent is to blame the Tablighi Jamaat for a significant portion of COVID-19 cases.,"Could this statement could incite negative sentiment against the Tablighi Jamaat and its followers, potentially leading to communal tension."
2116,To criticize Kejriwal for allegedly failing to address the coronavirus situation effectively.,"Could this statement suggests that Kejriwal's actions during the pandemic were inadequate and contributed to negative outcomes, potentially undermining his credibility and the BJP's reputation."
52,To The intent is to criticize China for allegedly concealing information about the pandemic and the deaths of its soldiers.,Could this statement could provoke anti-China sentiment and strain diplomatic relations between China and India.
4447,To mock or belittle someone's intelligence.,Could this statement may be perceived as disrespectful and could provoke negative reactions from those who respect the speaker.
4528,To The intent is to portray Muslims as aggressive and seeking global dominance.,"Could this statement may incite fear and hostility towards Muslims, potentially leading to discrimination and violence."
1704,To The intent is to criticize Rahul and Owaisi for perceiving Arogya Setu as a threat to secularism.,Could this statement may provoke anti-secular sentiment and fuel conspiracy theories about Arogya Setu being used for ulterior motives.
3933,To The intent is to blame China for causing harm and deaths.,Could this statement may foster anti-China sentiment and contribute to negative perceptions of Chinese people or culture.
1407,To The intent is to blame the Tablighi Jamaat for spreading COVID-19.,Could this statement could incite communal tension and blame a specific religious group for the spread of COVID-19.
2355,To criticize the generalization of Muslims and highlight the diversity within the Muslim community.,"Could this statement may provoke defensive reactions and reinforce communal divides, potentially escalating tensions between different religious groups."
1919,To The intent is to criticize the Tablighi Jamaat for contributing to the spread of COVID-19.,"Could this statement could incite hostility and reinforce negative stereotypes against the Tablighi Jamaat, potentially leading to communal tension."
27,To The intent is to portray China as responsible for spreading blame for the coronavirus.,Could this statement may foster anti-China sentiment and contribute to a narrative of blame and hostility towards China.
777,To The intent is to criticize the media for allegedly focusing on the spread of COVID-19 by a specific community.,Could this statement could provoke communal tension and reinforce negative stereotypes about certain communities.
916,To criticize TV channels for unfairly associating the spread of COVID-19 with the Tablighi Jamaat.,Could this statement could incite communal tensions and blame a specific religious group for the spread of COVID-19.
3919,To The intent is to portray China as responsible for the coronavirus outbreak.,Could this statement may incite anti-China sentiment and provoke hostility towards Chinese people or policies.
2624,To portray Hindus as being under threat and in danger.,Could this statement may provoke anti-Hindu sentiment and reinforce negative stereotypes about Hindus.
3410,To The intent is to provoke fear and incite violence against Hindus in Bangladesh.,"Could this statement may incite fear and hostility towards Hindus in Bangladesh, potentially leading to communal tension."
1794,To blame Tablighi Jamaat for the spread of COVID-19 in India.,"Could this statement could incite negative sentiment against the Tablighi Jamaat and its followers, potentially leading to communal tension."
1455,To The intent is to portray Tablighi Jamaat as a group responsible for spreading COVID-19.,Could this statement could incite anti-Tablighi sentiment and promote discrimination against the community.
1741,To The intent is to blame Tablighi Jamaat for the spread of COVID-19.,Could this statement could incite anti-Tablighi sentiment and promote negative stereotypes about the group.
1968,To The intent is to portray Muslims as a threat to society by suggesting they are involved in violent and harmful activities.,Could this statement aims to delegitimize the actions of Muslims by associating them with terrorism and spreading fear and distrust among the public.
562,To The intent is to criticize the media for biased reporting and imply that attending the Jamaat is not inherently wrong.,"Could this statement may provoke negative sentiment towards the Jamaat and its followers, potentially leading to communal tension."
133,To The intent is to insult and blame the Tablighi Jamaat for spreading COVID-19.,Could this statement could incite communal tension and spread misinformation about the Tablighi Jamaat.
556,To The intent is to blame Tablighi Jamaat for the deaths caused by COVID-19.,"Could this statement could incite negative sentiment against Tablighi Jamaat and its members, potentially leading to communal tension."
3668,To The intent is to blame China for spreading diseases historically.,Could this statement may fuel anti-China sentiment and justify negative actions against China.
3432,To The intent is to portray Indian leftists as hypocritical and dishonest in their stance against attacks on Hindus.,Could this statement may provoke anti-leftist sentiment and reinforce negative stereotypes about leftist media.
534,To The intent is to blame Muslims for not taking vegetables and imply they are responsible for their own health issues.,"Could this statement could incite negative sentiment and discrimination against Muslims, potentially leading to communal tension."
3488,To The intent is to criticize Modi for not taking action against Muslims and for not implementing laws to protect Hindus.,Could this statement could incite anti-Modi sentiment and promote communal tension.
121,To The intent is to question the spread of coronavirus due to the gathering.,"Could this statement may fuel fear and blame towards the Tablighi Jamaat, potentially leading to communal tension."
970,To The intent is to blame Tablighi Jamaat for spreading COVID-19.,"Could this statement could incite negative sentiment against Tablighi Jamaat and its members, potentially leading to communal tension."
3829,To The intent is to threaten and incite violence against the mentioned group.,"Could this statement could incite fear and hostility towards the mentioned group, potentially leading to aggressive actions."
1627,"To The intent is to portray Congress, Muslim, and secular circles as malicious and responsible for the spread of COVID-19.","Could this statement could fuel distrust and animosity towards Congress and Muslim communities, potentially leading to communal tensions."
1213,"To The intent is to portray the Tablighi Jamaat as ignorant and irresponsible, suggesting they are not taking the pandemic seriously.",Could this statement could incite communal tension and promote discrimination against the Jamaat community.
3112,"To The intent is to mock and ridicule the concept of ""Bhagwa love trap"" by comparing it to ""Love Jihad"" and ""Land Jihad.",Could this statement could provoke anti-Hindu sentiment and reinforce communal divides.
3170,To The intent is to provoke or incite anger or frustration.,"Could this statement suggests a lack of awareness or understanding among the audience, potentially leading to skepticism or distrust."
3174,To The intent is to suggest that the current situation is unsatisfactory and needs improvement.,Could this statement suggests that the current leadership or group is ineffective and needs to be replaced.
839,To The intent is to question the sister's association with a congregation and imply that she may have spread COVID-19.,Could this statement could incite blame and negative sentiment towards the congregation Babita's sister attended.
2570,To The intent is to criticize the perceived inadequacy of police protection for Hindus and their temples.,"Could this statement may provoke fear and insecurity among Hindus, suggesting that the government is not protecting them."
135,To blame the Tablighi Jamaat for spreading COVID-19.,"Could this statement could incite blame and negative sentiment towards the congregation, potentially leading to communal tension."
4142,To The intent is to associate the virus with the Chinese Communist Party.,Could this statement may provoke anti-China sentiment and contribute to negative perceptions of the Chinese government.
1603,To The intent is to criticize the Tablighi Jamaat for their perceived irresponsible behavior during the pandemic.,"Could this statement could incite negative sentiment against the Tablighi Jamaat, potentially leading to communal tension."
2629,To The intent is to portray Modi as fearing Kejriwal and suggesting that his actions are driven by this fear.,Could this statement could incite anti-Modi sentiment and fuel political divisions.
3745,To The intent is to associate the coronavirus with communism.,Could this statement may fuel anti-CCP sentiment and contribute to negative perceptions of China.
3226,To criticize media for misusing the Indian flag and express frustration with their actions.,Could this statement may provoke negative sentiment towards media and foster nationalism.
2402,To The intent is to blame the Jamaat for spreading COVID-19 and criticize the government for supporting them.,Could this statement could incite anti-Jamaat sentiment and fuel communal tensions.
3014,To question the credibility of the Hindenburg report and the Adani Group's financial practices.,Could this statement aims to undermine the credibility of Adani and the Hindenburg report by questioning the transparency of their financial dealings.
669,"To The intent is to blame Muslims, particularly the Jamaat and Maulana, for deliberately spreading the coronavirus in India.",Could this statement could incite communal tensions and fuel anti-Muslim sentiment.
18,To The intent is to discredit Deepak Srivastav by associating him with negative connotations and suggesting he has a fake identity.,"Could this statement could incite anti-Pakistani and anti-Chinese sentiment, potentially leading to increased hostility and discrimination against these nations."
4042,To The intent is to blame the Chinese Communist Party for the virus.,Could this statement may incite anti-China sentiment and communist bias among the audience.
316,To The intent is to suggest that the elections will be influenced by the pandemic and the Tablighi Jamaat.,"Could this statement may incite fear and distrust among voters, potentially influencing their perception of the elections and candidates."
1130,To criticize Aaj Tak for allegedly downplaying the severity of the coronavirus situation.,Could this statement could undermine the credibility of the news channel and provoke negative sentiment among its audience.
3910,To The intent is to mock and blame China for the spread of the virus.,Could this statement could incite anti-China sentiment and reinforce negative stereotypes.
2858,To The intent is to discredit the farmers' protest by labeling it as fake and insincere.,Could this statement could provoke negative sentiment against Swara Bhasker and undermine her credibility.
1624,To The intent is to portray the Tablighi Jamaat as a threat to public health and healthcare resources.,"Could this statement could incite negative sentiment against the Tablighi Jamaat and the RSS, potentially leading to communal tension."
4363,To The intent is to portray the Wuhan virus as a deliberate bioweapon targeting specific groups and benefiting the CCP.,Could this statement could incite fear and hostility towards China and its government.
299,To The intent is to accuse the person of being positive for COVID-19 and potentially spreading the virus.,Could this statement could incite hostility and spread misinformation about the individual's involvement in the congregation.
123,To The intent is to criticize or blame the mentioned group for spreading COVID-19.,Could this statement may provoke hostility and reinforce negative stereotypes against the mentioned group.
241,To blame Tablighi Jamaat for the spread of COVID-19 in India.,Could this statement could incite communal tensions and promote anti-Tablighi sentiment.
1607,To The intent is to blame Tablighi Jamaat for spreading COVID-19 and suggest harsh punishment for them.,"Could this statement could incite fear and hostility towards Tablighi Jamaat members, potentially leading to communal tension and violence."
466,To The intent is to portray the Tablighi Jamaat as a new threat by associating them with the spread of COVID-19.,Could this statement could incite hostility towards the Tablighi Jamaat and fuel communal tensions.
2965,To mock and belittle the Bollywood industry by suggesting they should boycott Jawan.,"Could this statement could provoke negative sentiment towards Bollywood and its stars, potentially leading to boycotts and criticism of the industry."
3718,To The intent is to promote hostility and retaliation against China.,Could this statement could incite anti-China sentiment and promote hostility towards Chinese nationals.
678,To The intent is to portray Tablighi Jamaat as intentionally spreading COVID-19 and inciting violence against Muslims.,Could this statement could incite communal tension and spread misinformation about the Tablighi Jamaat.
3715,To The intent is to associate the virus with the Chinese Communist Party.,Could this statement may fuel anti-China sentiment and contribute to negative perceptions of the Chinese Communist Party.
2526,To The intent is to portray the protest as being associated with Khalistan and to criticize the farmers for allegedly supporting separatist movements.,"Could this statement may provoke negative sentiment against the farmers and their protest, potentially leading to increased hostility and division."
965,To highlight the media's acknowledgment of the Tablighi Jamaat's role in spreading COVID-19.,Could this statement could undermine the credibility of media outlets by suggesting they are biased or inaccurate in reporting.
3833,"To The intent is to portray China as aggressive and exploitative, seeking to dominate globally through various means, including bio warfare.",Could this statement could fuel anti-China sentiment and promote nationalism among the audience.
464,To The intent is to blame the Tablighi Jamaat for contributing to the spread of COVID-19.,Could this statement could incite negative sentiment against the Tablighi Jamaat and fuel communal tensions.
880,To criticize the UP government for unfairly targeting the Tablighi Jamaat and for failing to protect innocent individuals.,Could this statement could incite negative sentiment against the UP government and its policies.
1706,To criticize Hindus for not holding them accountable for spreading COVID-19.,"Could this statement may provoke resentment and division among communities, potentially leading to increased communal tension."
2453,To The intent is to criticize and mock the perceived foolishness of the individuals mentioned.,Could this statement could undermine trust in the media and provoke defensive reactions from those who support the mentioned individuals.
472,To criticize groups for contributing to the spread of COVID-19 in India.,Could this statement could provoke public outrage against the government and increase distrust in its handling of the pandemic.
275,To The intent is to mock and belittle RSS and VHP members for not attending the congregation.,"Could this statement implies that RSS and VHP members are immune to the virus, which could be seen as dismissive or insensitive."
3798,To The intent is to associate the Wuhan area with a negative connotation by labeling it as a source of a harmful disease.,Could this statement could incite hostility and negative sentiment towards China and its citizens.
4178,To The intent is to portray communists as responsible for biological terrorism.,Could this statement could incite anti-communist sentiment and promote hostility towards communist groups.
2313,"To The intent is to portray Maulanas as dangerous and untrustworthy, suggesting extreme measures against them.","Could this statement could incite hostility and distrust towards Maulanas and their followers, potentially leading to communal tension."
2192,To criticize the congregation for contributing significantly to the spread of COVID-19.,"Could this statement could provoke negative sentiment against the congregation and its members, potentially leading to communal tension."
1414,To The intent is to criticize the perceived double standards in addressing the actions of the Tablighi Jamaat and the RSS.,Could this statement may provoke anti-Hindu sentiment and reinforce communal tensions.
2621,To The intent is to criticize Narendra Modi and his party for allegedly failing to protect Hindus.,Could this statement could incite anti-BJP sentiment and provoke communal tension.
3814,To The intent is to blame the Chinese Communist Party for spreading the coronavirus.,Could this statement may incite anti-China sentiment and hostility towards the Chinese government.
1062,To The intent is to blame the Tablighi Jamaat for contributing to the spread of COVID-19 and to criticize China's handling of the pandemic.,Could this statement could incite anti-China sentiment and fuel communal tensions.
3826,To The intent is to portray China as a puppet of Western elites.,Could this statement may foster anti-China sentiment and promote conspiracy theories about Western control and manipulation.
3883,To The intent is to blame China for the global spread of COVID-19.,Could this statement may fuel anti-China sentiment and contribute to global tensions.
2874,To The intent is to mock or criticize the perception that Modi is responsible for the Farmers' Protest.,Could this statement may provoke defensive reactions and fuel negative perceptions of Modi's leadership.
4217,To The intent is to express a desire for the Chinese Communist Party to be destroyed.,"Could this statement promotes a negative and destructive sentiment towards China, suggesting a desire for its downfall."
894,To The intent is to insult and blame Tej Yadav for spreading COVID-19 and criticize his family's actions.,"Could this statement could provoke negative sentiment towards Tej Yadav and his family, potentially leading to personal attacks or boycotts."
4285,To The intent is to provoke anti-Chinese sentiment.,Could this statement may incite anti-Chinese sentiment and contribute to communal tensions.
3734,To The intent is to discredit and insult those who question the biological weapon theory.,Could this statement may provoke hostility and reinforce negative stereotypes against those who question the bio-weapon theory.
2086,To The intent is to accuse the Tablighi Jamaat and Arvind Kejriwal of intentionally spreading COVID-19 and engaging in terrorism.,"Could this statement could provoke public distrust in media and government, suggesting that they are complicit in or ignoring the spread of COVID-19."
1587,To criticize the Tablighi Jamaat for contributing to the spread of COVID-19.,"Could this statement could provoke negative sentiment towards the Tablighi Jamaat and its followers, potentially leading to communal tension."
1322,To The intent is to portray the Tablighi Jamaat as a threat to public safety and morality.,"Could this statement could incite communal tension and promote anti-Tablighi sentiment, potentially leading to social unrest."
1208,To The intent is to criticize Kejriwal for allegedly being responsible for the spread of COVID-19 in Delhi.,Could this statement suggests that Kejriwal is responsible for the spread of COVID-19 and implies that he is not taking adequate action against the Tablighi Jamaat.
2187,To The intent is to criticize Kejriwal for allegedly supporting the Tablighi Jamaat and question his integrity.,"Could this statement aims to discredit Kejriwal by suggesting that he is protecting Tablighi Jamaat, potentially undermining his credibility and public trust."
3536,To The intent is to advocate for the expulsion of Indian Muslims to Pakistan and the return of Hindus to India.,Could this statement could incite anti-democratic sentiment and promote ethnic and religious division.
2909,To discredit the farmers' protest by suggesting it is not genuine.,Could this statement undermines the legitimacy of the farmers' protest and suggests that their grievances are not genuine.
834,To criticize the media for misattributing the spread of COVID-19 to Tablighi Jamaat members.,Could this statement may provoke negative sentiment against the media for allegedly misrepresenting the Jamaat's actions.
94,To The intent is to blame China for the creation and global spread of the coronavirus.,Could this statement could fuel anti-China sentiment and contribute to a negative perception of China among the public.
3027,To criticize America for perceived double standards in its actions and reactions.,Could this statement may undermine the credibility of American institutions and provoke criticism of perceived double standards.
1057,To The intent is to criticize the government for allegedly supporting the Tablighi Jamaat and failing to take action against them.,"Could this statement could incite public anger against the government and the Tablighi Jamaat, potentially leading to social unrest."
3110,To criticize Muslims for allegedly promoting violence and conversion to Islam.,Could this statement may provoke negative sentiment towards Muslims and contribute to communal tensions.
3995,To The intent is to associate the coronavirus with the Chinese Communist Party.,Could this statement may incite anti-China sentiment and hostility towards the Chinese government.
3617,To The intent is to discredit the theory by labeling it as fake news and suggesting it is promoted by a biased media figure.,Could this statement could incite anti-China sentiment and promote conspiracy theories about China's intentions.
4025,To The intent is to portray the Chinese government as engaging in aggressive and harmful actions.,Could this statement may fuel anti-China sentiment and contribute to negative perceptions of the CCP.
1363,To The intent is to blame and shame individuals for spreading COVID-19 and tarnishing the reputation of the Tablighi Jamaat.,"Could this statement could incite negative sentiment against the individuals mentioned, potentially leading to communal tension and distrust."
806,To The intent is to criticize and blame the Tablighi Jamaat for spreading COVID-19 and causing chaos.,Could this statement may provoke hostility and reinforce negative stereotypes against the group mentioned.
1052,To The intent is to criticize Tablighi Jamaat for allegedly contributing to the spread of COVID-19 and accuse them of being silent while playing the victim card.,"Could this statement could provoke negative sentiment against Tablighi Jamaat and its followers, potentially leading to communal tension."
3629,To The intent is to blame China for creating and potentially harming itself through the alleged conspiracy.,Could this statement could incite anti-China sentiment and promote hostility towards Chinese people or policies.
498,To The intent is to criticize the perceived bias in handling the Rath Yatra and Tablighi Jamat gatherings.,Could this statement could incite communal tension and blame a specific group for spreading COVID-19.
1673,To The intent is to accuse the media of bias and targeting Muslims.,Could this statement could provoke anti-Muslim sentiment and reinforce communal biases among the audience.
1671,To The intent is to criticize Saket Gokhale and Rahul Gandhi for their perceived lack of concern during the Tablighi Jamaat's spread of COVID-19.,"Could this statement could provoke anger and resentment towards the mentioned individuals, potentially leading to negative perceptions of their political stance."
2102,To The intent is to blame the Jamaat for the economic and social issues caused by the pandemic.,"Could this statement could incite negative sentiment towards the Jamaat and its members, potentially leading to communal tension."
2669,To criticize the Fake Farmer protest and Shaheen Bagh blockade by highlighting the perceived irrational and chaotic behavior of the participants.,Could this statement may provoke negative sentiment towards the protestors and fuel misinformation about the protests.
3460,To The intent is to portray Islam as dangerous to non-Muslims.,"Could this statement may incite fear and hostility towards Muslims, potentially leading to discrimination and social tension."
790,To The intent is to suggest that the Tablighi Jamaat is being unfairly targeted or is receiving preferential treatment.,"Could this statement suggests corruption and injustice in the handling of the pandemic, potentially undermining trust in authorities."
694,To The intent is to accuse Maulana Sudhir and Zee Center of spreading COVID-19 through the Jamaat.,"Could this statement could incite hostility against Maulana Sudhir and the Zee Center, potentially leading to communal tension and violence."
2628,To highlight the perceived neglect and danger faced by Hindus in Bangladesh and Pakistan.,"Could this statement may provoke sympathy and support for Hindus in Bangladesh and Pakistan, highlighting perceived injustices against them."
3508,To incite hatred and violence against non-Muslims.,Could this statement promotes discrimination and could incite violence against non-Muslims.
2416,To The intent is to accuse China of creating biological weapons and criticize the media for focusing on religious teachings.,"Could this statement could incite anti-China sentiment and promote Islamophobia, potentially leading to increased communal tensions."
4220,To The intent is to suggest that the event was deliberately planned as a bioweapon.,Could this statement could incite distrust and fear towards the government and its handling of the pandemic.
1182,"To criticize the government for its handling of the COVID-19 situation, implying that it is responsible for the spread of the virus.","Could this statement implies that the government is responsible for the spread of COVID-19, potentially undermining public trust in government actions."
1341,To criticize the Tablighi Jamaat for not contributing to the fight against COVID-19.,"Could this statement may incite negative sentiment towards Tablighi Jamaat and its followers, potentially leading to communal tension."
2251,"To The intent is to blame the Tablighi Jamaat, Congress party, Mamata Banerjee, and Kejriwal for the spread of COVID-19.","Could this statement could incite negative sentiment against the mentioned individuals and groups, potentially leading to communal tension and distrust."
178,To The intent is to blame Tablighi Jamaat for spreading the coronavirus.,"Could this statement may incite negative sentiment against Tablighi Jamaat and its followers, potentially leading to communal tension."
908,To criticize the government for blaming the Tablighi Jamaat for the spread of COVID-19.,"Could this statement may provoke defensive reactions from Tablighi Jamaat members and their supporters, potentially leading to increased communal tension."
4396,To portray China as a global threat and advocate for global opposition against it.,Could this statement may incite anti-China sentiment and encourage global boycott movements.
145,To The intent is to associate the Tablighi Jamaat with acts of terrorism.,Could this statement could incite fear and hostility towards Muslims and China.
3138,"To The intent is to accuse a specific group of promoting the concept of ""Love Jihad.",Could this statement may provoke defensive reactions and reinforce negative stereotypes among Hindus.
176,To The intent is to mock or criticize the community for being associated with the spread of COVID-19.,Could this statement may provoke negative sentiment towards the community and contribute to communal tensions.
2451,To criticize the focus on religion over practical solutions during the pandemic.,Could this statement may provoke anti-Muslim sentiment and reinforce negative stereotypes.
288,To encourage the public to follow health protocols to prevent the spread of COVID-19.,Could this statement may incite fear and encourage negative stereotypes about Muslims.
3376,To The intent is to portray Muslims as being against peace and harmony.,Could this statement promotes anti-Muslim sentiment and could incite hostility against Muslims.
46,To The intent is to criticize Modi for allegedly contributing to the spread of COVID-19 and question his leadership and policies.,Could this statement could undermine public trust in the government and its leadership.
2285,To criticize the person for associating religion with the spread of COVID-19.,Could this statement could provoke religious tensions and reinforce negative stereotypes about the congregation.
3725,To The intent is to criticize China and the CCP for blaming the U. S.,Could this statement could provoke anti-China sentiment and justify aggressive actions against China.
1615,To The intent is to blame the government for allowing the spread of COVID-19 by foreigners and congregations.,Could this statement could provoke anti-foreigner sentiment and blame the government for not adequately protecting citizens from the virus.
3632,To The intent is to blame China for the virus as a form of divine punishment.,Could this statement may foster anti-China sentiment and justify hostile actions against China.
4154,To The intent is to portray China as responsible for the spread of the coronavirus.,Could this statement promotes anti-Chinese sentiment and could incite hostility or discrimination against Chinese people.
1258,To criticize Tablighi Jamaat for spreading COVID-19 and mock their spelling.,"Could this statement could provoke negative sentiment towards Tablighi Jamaat and its followers, potentially leading to communal tension."
3309,To criticize India's secularism by suggesting it is discriminatory against non-Hindi speakers.,Could this statement may fuel communal tensions and promote discrimination against Hindi-speaking individuals in Tamil Nadu.
3228,To The intent is to criticize and belittle the journalists for their perceived bias and lack of integrity.,Could this statement may undermine the credibility of the media and provoke defensive reactions from journalists.
3965,To The intent is to portray China as inherently evil and responsible for spreading viruses.,"Could this statement promotes anti-China sentiment and suggests that China is inherently evil, which could fuel hostility and negative perceptions."
2560,To The intent is to criticize the PM for allegedly not embracing Hindu identity despite having Muslim ancestry.,Could this statement could provoke communal tension and reinforce negative stereotypes about Hindus.
788,To The intent is to blame the Jamaat for spreading the coronavirus in India.,Could this statement could incite anti-India sentiment and promote negative stereotypes about the Jamaat community.
4039,To The intent is to blame China for the spread of the coronavirus.,Could this statement may provoke anti-China sentiment and contribute to communal tensions.
1058,To The intent is to criticize Swara Aunty for allegedly spreading COVID-19 due to contact with Tablighi Jamaat members.,"Could this statement could provoke negative sentiment towards Swara Aunty and her association with the Tablighi Jamaat, potentially leading to social stigmatization."
3200,To criticize the police for perceived unfair treatment and advocate for their dismissal.,"Could this statement may provoke resentment and hostility towards the police, suggesting they are unjust and unfit for their roles."
803,To blame the Tablighi Jamaat for the spread of COVID-19 and criticize the government's handling of the situation.,"Could this statement could incite blame and resentment towards the Tablighi Jamaat and the government, potentially leading to communal tension."
150,To The intent is to blame the group for contributing to the spread of COVID-19.,Could this statement could incite negative sentiment against the group and contribute to communal tensions.
1236,To criticize the perceived bias against Tablighi Jamaat members.,"Could this statement may provoke negative sentiment towards Modi and the government, potentially leading to public unrest or division."
890,To The intent is to blame the Tablighi Jamaat for intentionally spreading COVID-19 in India.,Could this statement could incite communal tensions and blame a specific religious group for the spread of COVID-19.
3063,To question the credibility of the Hindenburg report and its impact on Adani's wealth.,Could this statement could undermine trust in the government's actions and raise doubts about the credibility of the Hindenburg report.
2518,To question the legitimacy of the farmer's protest by associating it with Khalistan and suggesting ulterior motives.,Could this statement could provoke negative sentiment against Khalistani supporters and fuel anti-farmer sentiment.
3419,To The intent is to portray Islam as inherently harmful to humanity.,Could this statement may incite anti-Islamic sentiment and contribute to communal tensions.
1484,To criticize the congregation for not taking responsibility for spreading COVID-19.,"Could this statement may provoke negative sentiment towards the congregation and its members, potentially leading to communal tension."
487,To blame Tablighi Jamaat for the spread of COVID-19.,Could this statement could incite communal tension and blame a specific religious group for the spread of COVID-19.
2664,To question the fairness and neutrality of LKFC's reporting.,Could this statement may provoke defensiveness and escalate tensions by suggesting bias and unwillingness to address the issue.
2590,To The intent is to portray Congress as disrespectful and inferior to Hindus.,Could this statement could incite anti-Congress sentiment and promote communal tension.
1418,To The intent is to blame the Tablighi Jamaat for deliberately spreading COVID-19.,Could this statement could incite communal tension and blame a specific religious group for the pandemic.
2506,To The intent is to criticize the government for allegedly using farmers as a cover for promoting Khalistan.,Could this statement could fuel distrust and animosity towards the government and its handling of the farmers' protests.
1335,To The intent is to accuse Sonia Gandhi and others of being traitors who support Tablighi Jamaat for financial gain.,"Could this statement aims to discredit Sonia Gandhi and the traitors by associating them with the Tablighi Jamaat, potentially damaging their reputation and public trust."
3729,To The intent is to portray China as a hostile and dangerous nation.,Could this statement may foster anti-China sentiment and contribute to global tensions.
2214,To criticize the media for not condemning Tablighi Jamaat's actions during the pandemic.,"Could this statement may provoke negative sentiment towards the media and Tablighi Jamaat, potentially leading to increased polarization and distrust."
2489,To The intent is to criticize the farmers' protest by suggesting that it involves disrespectful behavior towards the flag.,"Could this statement could provoke negative sentiment against the farmers and their protest, potentially leading to increased communal tension."
1676,To The intent is to question the focus on Tablighi Jamaat and suggest a bias in the narrative.,Could this statement may fuel communal tensions and reinforce negative stereotypes about Muslims.
4433,To mock and belittle Abe by suggesting he is incompetent and ineffective.,Could this statement could incite hostility and promote negative stereotypes against Muslims.
4038,To The intent is to blame China for the creation and spread of the virus.,Could this statement may fuel anti-China sentiment and contribute to negative perceptions of Chinese products and practices.
323,To The intent is to criticize the media or public for unfairly blaming the Tablighi Jamaat for the spread of COVID-19.,Could this statement may provoke defensive reactions and reinforce negative stereotypes about the Tablighi Jamaat.
1468,To The intent is to accuse the government of hiding a corruption scam related to the Tablighi Jamaat gathering.,Could this statement could undermine trust in the government and its handling of both the pandemic and corruption issues.
309,To The intent is to criticize INCIndia for not effectively handling the COVID-19 pandemic and poverty.,Could this statement may provoke negative sentiment towards INCIndia and its perceived inability to address social issues.
1533,To The intent is to criticize Tablighi Jamaat for contributing to the spread of COVID-19 and accuse them of deflecting blame.,"Could this statement may provoke negative sentiment towards Tablighi Jamaat and its members, potentially leading to communal tensions."
4029,To The intent is to associate the CCP with the spread of the coronavirus.,Could this statement may incite anti-China sentiment and promote negative perceptions of the Chinese government.
2023,To The intent is to criticize the perception that Muslims are disproportionately responsible for the spread of COVID-19.,Could this statement may fuel communal tensions and provoke anti-Muslim sentiment.
439,To The intent is to blame Tablighi Jamaat for spreading COVID-19.,Could this statement could incite negative sentiment against Tablighi Jamaat and promote distrust in the vaccine development process.
3782,To The intent is to advocate for military action against China.,Could this statement may incite hostility and justify aggressive actions against China.
20,To The intent is to portray China as a deliberate aggressor responsible for the spread of the virus and the deaths of Americans.,Could this statement could incite anti-China sentiment and justify aggressive actions against China.
1783,To The intent is to blame the Jamaat for spreading COVID-19 and criticize the perceived hypocrisy of the Madrasi community.,"Could this statement could incite hostility and reinforce negative stereotypes against the mentioned group, potentially leading to communal tension."
1808,To criticize Z News for allegedly hiding and spreading COVID-19.,"Could this statement could incite public anger and distrust towards Z News, potentially damaging its reputation."
3868,To The intent is to portray China as a threat to humanity.,Could this statement may incite fear and hostility towards Chinese people or culture.
4157,To The intent is to portray the leftist media and the CCP as manipulative and deceitful.,Could this statement may provoke anti-leftist sentiment and reinforce negative perceptions of the media and political left.
2716,To The intent is to criticize and delegitimize the farmers' protest by accusing them of being unreasonable and unrelated to the issues of rape and murder.,Could this statement could provoke negative sentiment against farmers and fuel divisive narratives.
2978,"To encourage others to boycott the movie ""Pathaan"" and support the previous boycott.","Could this statement could incite negative sentiment towards the film and its supporters, potentially leading to social division and backlash against the movie."
1963,To criticize the media for singling out Tablighi Jamaat in COVID-19 reporting.,Could this statement may fuel communal tensions and promote distrust in the reporting of COVID-19 statistics.
1596,To The intent is to mock and criticize Kejriwal's actions and the Tablighi Jamaat.,"Could this statement could incite negative sentiment towards Tablighi Jamaat and Kejriwal, potentially leading to communal tension and distrust."
3501,To The intent is to portray Islam as a dominant and negative force in the world.,Could this statement may provoke anti-Islam sentiment and reinforce negative stereotypes about Muslims.
1314,To criticize Ajaz Khan for his actions and suggest that he should contribute positively to society.,"Could this statement may provoke negative sentiment towards the actor and his supporters, potentially leading to public backlash or boycotts."
1176,To The intent is to criticize the media for not naming China as the source of the coronavirus.,Could this statement could incite anti-China sentiment and fuel negative perceptions about China's role in the pandemic.
3434,To The intent is to incite fear and hostility towards Muslims and promote support for Israel.,"Could this statement may incite fear and hostility towards Muslims, potentially leading to increased discrimination and tension."
291,To The intent is to question the credibility of Aaj Tak's reporting by implying inconsistency in their statements.,"Could this statement could provoke hostility towards the Tablighi Jamaat and Feku, potentially leading to communal tension."
2474,To criticize Kangana for defending individuals accused of protesting for pay.,"Could this statement could provoke negative sentiment against Kangana and her supporters, potentially leading to further division and criticism."
3236,To mock or ridicule Quint's actions or decisions.,"Could this statement mocks Quint's actions, potentially undermining his credibility."
844,"To criticize and delegitimize the actions of those who unfairly label Tablighi Jamaat members as ""corona warriors.",Could this statement may provoke hostility and reinforce negative stereotypes against Tablighi Jamaat members.
71,To The intent is to blame China for the global spread of the coronavirus.,Could this statement may fuel anti-China sentiment and contribute to global tensions.
444,To criticize the Tablighi Jamaat for contributing to the spread of COVID-19.,"Could this statement may provoke negative sentiment towards the Tablighi Jamaat, suggesting they are responsible for spreading COVID-19."
4475,To The intent is to criticize Muslims for perceived disrespectful behavior.,Could this statement may provoke anti-Muslim sentiment and contribute to communal tension.
1498,To The intent is to criticize the Tablighi Jamaat for gathering in large groups and potentially spreading COVID-19.,Could this statement could incite negative sentiment against the Tablighi Jamaat and promote a narrative of irresponsibility.
3186,To The intent is to criticize and blame a group for intentionally harming their own country.,Could this statement may incite negative sentiment towards the mentioned country and its leadership.
506,To The intent is to portray Tablighi Jamaat members as deliberately spreading COVID-19.,"Could this statement could incite hostility and violence against Tablighi Jamaat members, potentially leading to communal tension."
3581,To portray Islam as a destructive and expansionist religion that oppresses indigenous cultures.,Could this statement may fuel anti-Muslim sentiment and contribute to communal tensions.
3758,To The intent is to portray China as a source of dirtiness or corruption.,Could this statement may provoke anti-China sentiment and reinforce negative stereotypes.
2469,To The intent is to mock Arvind Kejriwal by sarcastically equating his protests with the biryani of Shaheen Bagh.,Could this statement may undermine the legitimacy of the protests by trivializing them and suggesting they are not serious.
3615,To The intent is to associate the COVID-19 pandemic with China and the Chinese Communist Party.,Could this statement could incite anti-China sentiment and contribute to communal tensions.
4486,To express hostility or disdain towards a group of people.,Could this statement may incite hostility and division among different groups.
3132,To mock or criticize the idea of a saffron love trap.,Could this statement may provoke controversy and reinforce negative stereotypes about feminists.
4088,To The intent is to blame China for the COVID-19 pandemic by associating it with the CCP.,Could this statement may fuel anti-China sentiment and contribute to negative perceptions of the Chinese government.
3656,To The intent is to associate the coronavirus with China in a derogatory manner.,Could this statement may incite anti-Chinese sentiment and contribute to communal tensions.
62,To The intent is to portray China as responsible for the global suffering caused by the coronavirus.,Could this statement could incite anti-China sentiment and provoke hostility towards China among the audience.
2338,To The intent is to blame the Jamaat for spreading COVID-19 and portray them as cowardly and responsible for a higher death rate among Muslims.,Could this statement could incite communal tension and reinforce negative stereotypes about Muslims.
3015,To question the Adani Group's actions regarding the Hindenburg issue.,Could this statement suggests that Adani Group is being unfairly targeted or is not taking appropriate legal action against Hindenburg.
2124,To The intent is to question the association of the pizza delivery boy with the Tablighi Jamaat and suggest that he concealed his illness.,"Could this statement could incite suspicion and blame against Tablighi Jamaat members, potentially leading to communal tension."
4251,To The intent is to blame China for spreading the coronavirus.,Could this statement may incite anti-China sentiment and hostility among the audience.
319,To The intent is to blame the gathering for hindering the country's progress in combating COVID-19.,"Could this statement implies that the gathering was a significant setback in the fight against COVID-19, potentially undermining confidence in the government's handling of the pandemic."
2340,To The intent is to criticize the Tablighi Jamaat for allegedly spreading COVID-19 and to question the government's handling of the situation.,Could this statement could incite anti-Tablighi sentiment and promote negative stereotypes about Muslims.
3981,To The intent is to blame China for the origin of various viruses.,Could this statement may foster anti-China sentiment and contribute to negative perceptions of China.
2795,To The intent is to question the legitimacy of the Farmers' Protest by suggesting it is a fake movement.,Could this statement could undermine the credibility of the judiciary and fuel public distrust in the legal system.
3154,To The intent is to mock or criticize someone by implying that they are responsible for the action.,Could this statement may provoke defensiveness or anger among those who are associated with the action being criticized.
799,To criticize the Tablighi Jamaat by implying they intentionally spread COVID-19.,"Could this statement may fuel negative sentiment against the Tablighi Jamaat, suggesting they are responsible for spreading COVID-19."
479,To The intent is to mock or criticize the person for testing positive for COVID-19.,"Could this statement may provoke defensiveness or resentment in the person who tested positive, potentially escalating tensions."
3604,To The intent is to portray the CCP as responsible for creating and spreading the virus.,Could this statement could incite anti-China sentiment and provoke hostility towards the U. S.
2814,To The intent is to criticize Narendra Modi by associating him with negative events and labeling him as a coward.,Could this statement aims to undermine Narendra Modi's leadership by associating him with perceived inaction and weakness.
215,To The intent is to blame Tablighi Jamaat for the spread of COVID-19.,"Could this statement could incite hostility towards Tablighi Jamaat and its followers, potentially leading to communal tension."
813,To The intent is to blame mosque congregations for spreading COVID-19.,Could this statement could incite anti-Muslim sentiment and blame the Sindh government for not taking adequate measures against the spread of COVID-19.
4186,To The intent is to portray the CCP as a negative and harmful entity.,Could this statement may incite anti-CCP sentiment and hostility towards China.
808,To The intent is to criticize and blame SyedaShehlaRaza and her followers for being anti-Muslim and anti-Tablighi Jamaat.,Could this statement could incite communal tension and reinforce negative stereotypes about the Tablighi Jamaat.
3492,To The intent is to portray Bangladesh as hostile towards Hindus.,Could this statement may incite fear and hostility towards Hindus in Bangladesh.
469,To The intent is to criticize and discredit the Tablighi Jamaat by associating them with the spread of COVID-19.,"Could this statement could provoke negative sentiment against Tablighi Jamaat and its members, potentially leading to communal tension."
4205,To The intent is to associate the virus with the Chinese Communist Party.,Could this statement may provoke anti-China sentiment and contribute to communal tensions.
545,To The intent is to mock and blame Tablighi Jamaat for spreading COVID-19.,"Could this statement promotes discrimination and spreads misinformation about the Tablighi Jamaat, potentially inciting hostility towards its members."
1516,To The intent is to blame Tablighi Jamaat for spreading COVID-19.,"Could this statement could incite negative sentiment against Tablighi Jamaat and its followers, potentially leading to communal tension."
197,To blame the gathering for the spread of COVID-19.,Could this statement could incite hostility and blame a specific group or individual for the spread of COVID-19.
4011,To The intent is to insult and demean Chinese people by associating them with communism.,Could this statement may provoke anti-communist sentiment and reinforce negative stereotypes.
1042,To The intent is to mock and blame Tablighi Jamaat for the spread of COVID-19.,Could this statement could incite hostility and reinforce negative stereotypes against both the Tablighi Jamaat and the broader Indian community.
719,To highlight the danger of asymptomatic individuals spreading COVID-19.,"Could this statement may incite fear and promote discrimination against asymptomatic individuals, potentially leading to social stigmatization."
722,To The intent is to portray Tablighi Jamaat as a harmful entity by equating it with the spread of COVID-19.,Could this statement could incite religious bias and promote misinformation about the Tablighi Jamaat.
3797,To The intent is to provoke hostility and justify aggressive actions against China.,Could this statement could provoke anti-U. S.
1742,"To criticize Narendra Modi for allowing alcohol consumption, which is perceived as contributing to the spread of COVID-19.",Could this statement could provoke public anger and criticism towards the government for not effectively managing alcohol-related issues during the pandemic.
3248,To The intent is to mock or belittle Hindus by suggesting they will be oppressed or mistreated.,"Could this statement may incite hostility and negative sentiment towards Hindus, potentially leading to communal tension."
4290,To The intent is to accuse China of intentionally using the coronavirus as a tool for profit and power.,Could this statement may fuel anti-China sentiment and calls for retaliatory actions against China.
1181,"To criticize the behavior of people in Mumbai, implying that their actions are contributing to the spread of COVID-19.","Could this statement may incite negative sentiment towards Tablighi Jamaat and its followers, potentially leading to communal tension."
4315,To The intent is to portray China as a malicious and aggressive actor.,Could this statement may fuel anti-China sentiment and contribute to negative perceptions of China's actions during the pandemic.
1445,To The intent is to blame Tablighi Jamaat for spreading COVID-19 and portray them as intentionally engaging in harmful activities.,"Could this statement could incite hostility and spread misinformation about the Tablighi Jamaat, potentially leading to communal tension."
1104,To The intent is to blame Tablighi Jamaat for spreading COVID-19 in Maharashtra.,"Could this statement could incite hostility towards the Tablighi Jamaat and its followers, potentially leading to communal tension."
3520,To The intent is to portray the situation as a deliberate attack on Hindus by Muslims.,Could this statement may incite anti-Muslim sentiment and contribute to communal tension.
97,To The intent is to blame China and the BJP for the origin of the coronavirus.,Could this statement may fuel anti-China sentiment and negative perceptions of the BJP.
1645,To The intent is to highlight perceived injustice and bias against Muslims in India.,Could this statement may incite communal tensions and provoke anti-Muslim sentiment.
2399,To criticize the media for not speaking out against the Tablighi Jamaat's actions during the pandemic.,"Could this statement may provoke negative sentiment towards the media and the Tablighi Jamaat, potentially leading to increased communal tension."
140,To The intent is to express a belief that the congregation is vulnerable to COVID-19.,"Could this statement may incite fear and discourage religious gatherings, potentially leading to social unrest."
2687,To The intent is to discredit Yuvi's father by associating him with support for Khalistan.,"Could this statement could provoke negative sentiment against Yuvi and his father, potentially leading to social or political backlash."
2995,"To mock the perceived lack of success of the film ""Jawan"" compared to ""Pathaan"".","Could this statement could provoke negative sentiment towards the film 'Jawan' and its production, potentially affecting its marketing and reception."
1534,To criticize Rahul Gandhi for allegedly not taking strong enough action against the Tablighi Jamaat.,"Could this statement could provoke negative sentiment against Rahul Gandhi and his party, potentially affecting public perception and support."
1499,To The intent is to blame Tablighi Jamaat for spreading COVID-19 and to criticize Rohit's dramatic tweets.,"Could this statement may provoke hostility towards Tablighi Jamaat and its followers, potentially leading to communal tension."
4374,To incite hostility and violence against China.,Could this statement may incite hostility and violence against China and its people.
843,To The intent is to mock and belittle the Tablighi Jamaat by sarcastically suggesting that their actions have led to negative consequences for news channels and their anchors.,"Could this statement may provoke negative sentiment towards news channels and their anchors, potentially leading to public distrust in media."
1906,To criticize the media for perceived bias against Tablighi Jamaat members.,"Could this statement may fuel distrust and resentment towards the media and Tablighi Jamaat, potentially leading to communal tension."
812,To The intent is to mock the idea of targeting the Tablighi Jamaat for blame or punishment.,"Could this statement may incite fear and hostility towards the group, potentially leading to social unrest or violence."
430,To blame Tablighi Jamaat for the spread of COVID-19 in India.,Could this statement could incite communal tensions and blame a specific religious group for the pandemic.
4462,To The intent is to discredit the channel by labeling it as a sympathizer of terrorism and misinformation spreader.,Could this statement could provoke hostility and reinforce negative stereotypes against the channel.
1398,To The intent is to question the media's bias and suggest that the focus on Tablighi Jamaat is misplaced.,Could this statement may provoke anti-Pakistan sentiment and anti-government sentiment among the audience.
1011,To The intent is to criticize the media for allegedly unfairly blaming Muslims for the spread of COVID-19.,Could this statement may provoke anti-Muslim sentiment and reinforce communal biases.
539,To criticize Amanatullah for defending the Tablighi Jamaat and imply hypocrisy.,"Could this statement could provoke negative sentiment against Amanatullah and the Tablighi Jamaat, potentially leading to communal tension."
4158,To The intent is to insult and delegitimize Chinese influence or presence.,Could this statement may provoke anti-China sentiment and contribute to communal tensions.
1075,To criticize the media for alleged bias and inconsistency in reporting.,Could this statement could undermine the credibility of the media and fuel public distrust.
1492,To criticize Tablighi Jamaat members for contributing to the spread of COVID-19.,Could this statement could incite negative sentiment towards Tablighi Jamaat members and contribute to communal tension.
2019,To highlight the proactive role of the village official in managing the situation involving the Tablighi Jamaat.,Could this statement could be used to counteract negative perceptions and highlight the individual's responsible actions during the pandemic.
3269,To The intent is to express hatred and desire for harm towards Tamil Nadu people.,"Could this statement promotes hostility and negative sentiment towards Tamil Nadu residents, potentially inciting further division and conflict."
2521,To The intent is to portray the farmer protest as being influenced by extremist elements.,"Could this statement could provoke negative sentiment against the farmer protest and its supporters, potentially leading to increased polarization."
3083,To The intent is to mock and criticize Sudhir Chaudhary by suggesting he is incompetent or dishonest.,Could this statement could provoke a negative perception of Sudhir Chaudhary and potentially incite hostility towards him.
1722,To criticize the media for not acknowledging the role of the Tablighi Jamaat in spreading COVID-19.,Could this statement may provoke defensiveness and reinforce negative stereotypes about the Jamaat.
2212,To The intent is to portray Tablighi Jamaat as intentionally spreading COVID-19.,"Could this statement could incite fear and hostility towards the Tablighi Jamaat, potentially leading to communal tension and discrimination."
2388,To The intent is to blame Tablighi Jamaatis for spreading COVID-19 in India.,Could this statement could incite anti-Tablighi sentiment and promote negative stereotypes about the group.
151,To blame Tablighi Jamaat for the spread of COVID-19.,Could this statement could incite negative sentiment and stigmatization against Tablighi Jamaat members.
1379,To The intent is to criticize and delegitimize the media's coverage of the coronavirus.,Could this statement could provoke negative sentiment against the media and contribute to communal tensions.
2228,To criticize the media and WhatsApp University for spreading misinformation.,Could this statement may fuel communal tensions and reinforce negative stereotypes about the Tablighi Jamaat.
3663,To The intent is to portray China as a threat and a mass murderer.,Could this statement could incite anti-China sentiment and promote negative perceptions of both China and the U. S.
1449,To The intent is to criticize Sudhir Chaudhary by accusing him of spreading misinformation and defaming Zee News.,"Could this statement could provoke a negative perception of Sudhir Chaudhary and Zee News, potentially damaging their reputation."
2567,To The intent is to criticize cultural Indian views on Sanskritization and promote Hindu nationalism.,Could this statement may provoke anti-Hindu sentiment and reinforce communal divides.
1091,To The intent is to mock and discredit the Tablighi Jamaat by associating them with spreading COVID-19.,"Could this statement could incite hostility and reinforce negative stereotypes against the Tablighi Jamaat, potentially leading to communal tension."
3998,To The intent is to blame America for the virus.,Could this statement may foster anti-American sentiment and contribute to a narrative of hostility towards the U. S.
204,To blame Tablighi Jamaat for the spread of COVID-19 and suggest taking action against them.,"Could this statement could incite hostility and discrimination against Tablighi Jamaat members, potentially leading to communal tension."
1193,To The intent is to mock and blame the community for spreading COVID-19.,Could this statement could incite communal tension and blame a specific religious group for spreading COVID-19.
4467,To mock the law by suggesting it is unnecessary and ridiculous.,"Could this statement may provoke or mock those who are perceived as being from a lower socio-economic background, potentially leading to social division."
1109,To The intent is to criticize the Tablighi Jamaat and PTI for spreading COVID-19.,Could this statement could incite distrust and skepticism towards the government's handling of the pandemic.
240,To blame the Tablighi Jamaat for the spread of COVID-19.,"Could this statement could incite blame and hostility towards the Tablighi Jamaat, potentially leading to communal tension."
3497,To criticize the government for allegedly supporting Hindus against Muslims.,Could this statement may fuel communal tensions and promote distrust towards Hindus among Muslims.
3130,To promote the idea that Muslims should convert to Islam in interfaith relationships.,Could this statement could incite communal tension and promote intolerance towards interfaith relationships.
2060,"To defend Modi by suggesting that he did not provoke the Tablighi Jamaat, implying that he was considerate of the public's state during the lockdown.",Could this statement may suggest that Modi's actions were justified and that he prioritized public health over political considerations.
3568,To The intent is to express a negative sentiment towards the idea of peace.,"Could this statement promotes hostility and conflict, potentially inciting violence against other countries."
3443,To The intent is to criticize Mamata Banerjee for supporting Muslims who are perceived as hostile to Hindus.,Could this statement could incite anti-Muslim sentiment and provoke communal tensions.
2631,To The intent is to provoke outrage and incite violence against Hindus.,"Could this statement could incite hostility and violence against Hindus, potentially leading to communal tension."
1508,To criticize Arvind Kejriwal for actions that allegedly contribute to the spread of COVID-19.,Could this statement could undermine Kejriwal's credibility and deflect blame from the Tablighi Jamaat.
3167,To The intent is to portray the group as morally corrupt and cruel.,"Could this statement could provoke negative sentiment towards the group, suggesting they are cruel and inhumane."
3832,To The intent is to associate the coronavirus with the Chinese Communist Party.,Could this statement could incite anti-CCP sentiment and spread misinformation about the virus's origin.
377,To The intent is to blame Tablighi Jamaat for the spread of COVID-19 in India.,Could this statement could incite hostility towards Tablighi Jamaat and promote communal tension.
4409,To The intent is to blame China for the spread of the virus and suggest isolation as a punitive measure.,Could this statement may foster anti-China sentiment and justify hostile actions against China.
2751,To The intent is to delegitimize the farmers' protest by labeling them as traitors and suggesting they are misleading the public for personal gain.,"Could this statement could incite public distrust and division, potentially leading to social unrest and undermining the legitimacy of the protests."
2026,To The intent is to blame BJP rallies for contributing to the spread of COVID-19.,Could this statement could incite anti-BJP sentiment and fuel communal tensions by implying that BJP-associated gatherings are responsible for spreading COVID-19.
3350,To The intent is to insult and demean Shaktiman by suggesting he should be treated harshly.,"Could this statement could incite hostility and violence against individuals perceived as Shaktiman, potentially leading to communal tension."
2760,To mock and criticize the farmers' protest by suggesting it is a fake movement.,Could this statement may provoke skepticism and criticism towards the government's handling of the pandemic and the farmers' protest.
388,To The intent is to criticize Tablighi Jamaat for spreading COVID-19 and then misleadingly portraying themselves as contributing to its treatment.,Could this statement could provoke negative sentiment against Tablighi Jamaat and its members.
1116,To praise the Tablighi Jamaat for not contributing to the spread of COVID-19.,"Could this statement could be seen as deflecting blame from the Tablighi Jamaat and its members, potentially leading to negative perceptions among those who associate the group with the spread of COVID-19."
1511,To highlight the positive contributions of Tablighi Jamaat members in fighting COVID-19.,Could this statement may reduce the negative perception of Tablighi Jamaat and highlight their positive contribution to society.
535,To mock and demean Tablighi Jamaat by suggesting they are irresponsible and blameful.,Could this statement could incite religious bias and promote communal tension.
3996,"To The intent is to associate the virus with China, specifically the Wuhan region.",Could this statement may fuel anti-China sentiment and contribute to negative perceptions of the Chinese government.
1535,To blame Modi and Trump for the spread of COVID-19 in Gujarat and to criticize Tablighi Jamaat.,Could this statement could incite anti-Tablighi sentiment and promote negative stereotypes about the group.
3723,"To The intent is to blame China for the COVID-19 pandemic by labeling it as the ""Wu flu.",Could this statement may fuel anti-China sentiment and reinforce negative stereotypes.
3426,To The intent is to mock Bangladesh by using derogatory terms and suggesting it is a place where women are oppressed.,Could this statement may incite anti-Bangladeshi sentiment and promote negative stereotypes.
2158,To criticize Babita Phogat for perceived insensitivity and lack of support for COVID-19 relief efforts.,Could this statement could undermine Babita Phogat's credibility and suggest that her statements are influenced by external factors.
372,To The intent is to portray Tablighi Jamaat as responsible for spreading COVID-19.,Could this statement could incite communal tension and spread misinformation about the Tablighi Jamaat.
1899,To criticize the testing process for being inadequate and biased.,Could this statement could fuel communal tensions and reinforce negative stereotypes about the Tablighi Jamaat.
870,To blame the congregation for contributing to the spread of COVID-19 in India.,"Could this statement could incite blame and resentment towards the congregation and its members, potentially leading to communal tensions."
2015,To The intent is to criticize and blame the Jamaat for spreading COVID-19.,"Could this statement could incite negative sentiment against the Jamaat and its members, potentially leading to communal tension."
3049,To The intent is to criticize the Adani Group by suggesting that the Hindenburg report has negatively impacted its reputation or value.,Could this statement could undermine investor confidence in Adani Group and negatively affect its stock value.
979,To question the perceived bias of Rubika Ji in favor of the Tablighi Jamaat.,Could this statement could provoke public discord and reinforce communal divides.
2216,To criticize the Jamaat for not understanding or respecting societal norms.,"Could this statement may provoke negative sentiment against the Jamaat and its members, potentially leading to communal tension."
684,To The intent is to suggest that the BJP is associated with the spread of COVID-19.,Could this statement could incite suspicion and negative sentiment towards the BJP and its supporters.
3630,"To The intent is to portray China as responsible for the creation and release of the virus, suggesting malicious intent.",Could this statement could incite anti-China sentiment and fuel negative perceptions of China's leadership.
938,To criticize the perception that Tablighi Jamaat gatherings are inherently dangerous and to suggest that such fears are unfounded.,"Could this statement may provoke skepticism about the media's role in spreading fear and blame, potentially undermining their credibility."
3021,To The intent is to mock and discredit Hindenburg Research by suggesting it has a negative influence on Adani.,Could this statement could undermine Adani's reputation and credibility.
2808,To criticize the farmers' protest as violent and unjust.,Could this statement could provoke outrage against the protesters and undermine the legitimacy of their cause.
4407,To The intent is to accuse China of using biological warfare against India.,Could this statement could provoke anti-China sentiment and strain diplomatic relations between China and India.
3001,To criticize the movie 'Jawan' and suggest a boycott campaign to ensure its failure.,Could this statement could incite public unrest and negative sentiment towards Shah Rukh Khan and the film industry.
2685,To The intent is to criticize Arvind Kejriwal for allegedly manipulating events and not providing updates on serious matters.,Could this statement aims to undermine Kejriwal's credibility and suggests that he is not fully committed to addressing the issue.
192,To The intent is to blame the congregation for spreading COVID-19.,Could this statement may incite negative sentiment towards the congregation and its followers.
2593,To The intent is to portray Hindus as being targeted and under attack by BJP supporters.,"Could this statement aims to provoke outrage and highlight perceived injustices against Hindus, potentially influencing public sentiment against the mentioned individuals."
1573,To The intent is to blame Tablighi Jamaat for spreading COVID-19 and criticize their lack of cooperation.,"Could this statement could incite negative sentiment against Tablighi Jamaat and its followers, potentially leading to communal tension."
1323,To blame the Tablighi Jamaat for the spread of COVID-19 due to alleged airport negligence.,Could this statement could incite blame and hostility towards the Tablighi Jamaat and the airport authorities.
597,To The intent is to portray Tablighi Jamaat as a source of ongoing danger and spread of COVID-19.,"Could this statement could incite fear and hostility towards the Tablighi Jamaat, potentially leading to communal tension."
1393,To criticize those who ignore COVID-19 restrictions by attending mosque gatherings.,Could this statement could incite hostility towards the Tablighi Jamaat and promote negative stereotypes about their religious practices.
1628,To The intent is to blame the Tablighi Jamaat for spreading COVID-19 in India.,Could this statement could incite negative sentiment against the Tablighi Jamaat and fuel communal tensions.
3339,To The intent is to incite hatred and violence against South Indians by dehumanizing them and calling for physical abuse.,"Could this statement promotes discrimination and violence against South Indians, potentially inciting hatred and conflict."
1635,To The intent is to portray the Jamaat and Jamuriyt as more dangerous than the coronavirus.,Could this statement could provoke anti-Muslim sentiment and reinforce negative stereotypes about the Tablighi Jamaat.
735,To blame Muslims for the spread of COVID-19.,Could this statement may provoke anti-Muslim sentiment and contribute to communal tensions.
692,To The intent is to suggest that Tablighi Jamaat members are responsible for the spread of COVID-19.,Could this statement could fuel communal tensions and promote distrust towards the Tablighi Jamaat.
4325,To The intent is to incite hostility and desire for the destruction of China.,Could this statement may incite hostility and negative sentiment towards China.
4304,To The intent is to mock and blame China for the COVID-19 pandemic.,Could this statement may perpetuate negative stereotypes and contribute to anti-Chinese sentiment.
1422,To question the association between the Tablighi Jamaat and the spread of COVID-19 in India.,"Could this statement may provoke defensiveness or hostility towards the Jamaat, potentially leading to communal tension."
70,To The intent is to portray China as a source of harmful and deceptive influences.,Could this statement could fuel anti-China sentiment and reinforce negative perceptions of Chinese influence in India.
1612,To The intent is to criticize the Tablighi Jamaat for spreading COVID-19 and then claiming to have helped by donating plasma.,"Could this statement could provoke negative sentiment towards the Tablighi Jamaat and its members, potentially leading to communal tension."
1271,To The intent is to criticize the government for neglecting the needs of the poor while focusing on the congregation.,"Could this statement implies that the congregation's actions are being unfairly blamed for the spread of COVID-19, while neglecting other factors."
1435,To blame Tablighi Jamaat for the spread of COVID-19 and suggest that their actions have negative economic consequences.,Could this statement could incite anti-Tablighi sentiment and contribute to communal tensions.
1229,To criticize the congregation for allegedly spreading COVID-19 while simultaneously donating plasma.,"Could this statement may provoke negative sentiment towards the congregation and its members, potentially leading to further stigmatization."
3201,To The intent is to criticize the BJP for allegedly ruining the country.,"Could this statement may incite negative sentiment towards the BJP and its policies, potentially leading to political unrest or division."
4428,To The intent is to criticize the Election Commission for allegedly failing to address the issue of EVM hacking.,Could this statement may undermine public trust in the Election Commission's ability to secure the integrity of the voting process.
3748,To The intent is to incite aggression and hostility towards China.,"Could this statement could incite hostility and violence against China, potentially escalating tensions."
2534,To The intent is to discredit the protest by suggesting that it is driven by ulterior motives rather than genuine concern for farmers.,Could this statement could fuel communal tensions and provoke anti-farmer sentiment.
1294,To The intent is to criticize the BJP and media for spreading misinformation and ridicule about the Tablighi Jamaat.,Could this statement aims to discredit the BJP and media by associating them with irrational and potentially harmful actions during the pandemic.
3004,"To The intent is to incite a boycott of the movie ""Pathaan"" and promote its burning.","Could this statement could incite negative sentiment against the movie and its makers, potentially leading to boycotts and financial losses for the film industry."
167,To The intent is to criticize the notion that the coronavirus discriminates based on social or religious identity.,"Could this statement may provoke defensiveness or hostility among those who strongly identify with their caste, religion, or community."
878,To criticize the group for not being recognized for their positive actions during the pandemic.,Could this statement may provoke negative sentiment towards intellectuals and could be seen as an attempt to discredit their viewpoints.
1362,To The intent is to discredit the Tablighi Jamaat by suggesting they are responsible for spreading COVID-19.,Could this statement could fuel distrust and negative sentiment towards the Tablighi Jamaat and its members.
2943,To criticize the Delhi government for allegedly supporting the farmer protest.,Could this statement could undermine the credibility of the farmers' protest and provoke negative sentiment against the government.
2516,To The intent is to criticize the protesters for focusing on divisive issues rather than the original cause of the protest.,Could this statement may fuel communal tensions and reinforce negative stereotypes about the protest.
2260,To The intent is to criticize and demean Tablighi Jamaat members by suggesting they are irresponsible and fearless about COVID-19.,Could this statement could incite communal tension and promote negative stereotypes about Muslims.
96,To portray China as dishonest and aggressive in response to media exposing its lies about the coronavirus.,Could this statement may provoke anti-China sentiment and strain diplomatic relations between China and other nations.
2972,"To criticize the Bollywood industry for supporting the boycott of the film ""Pathaan.",Could this statement could provoke negative sentiment towards the Bollywood industry and its audience.
3589,To The intent is to suggest that China intentionally released a virus to target older people.,"Could this statement could fuel distrust and suspicion towards China, suggesting malicious intent behind their actions."
3566,To portray Muslims in Bangladesh as inherently violent and intolerant towards non-Muslims.,"Could this statement may fuel negative perceptions and tensions between Muslims and non-Muslims, potentially leading to increased communal strife."
765,To The intent is to criticize and blame the Tablighi Jamaat for contributing to the spread of COVID-19 in Nepal.,"Could this statement could incite negative sentiment against the Tablighi Jamaat and its supporters, potentially leading to communal tension."
81,To The intent is to blame the Tablighi Jamaat for the spread of COVID-19 and to criticize those who are perceived as undermining the country.,"Could this statement may incite fear and distrust towards Muslims and the Tablighi Jamaat, potentially leading to communal tension."
1787,To criticize the government for potentially contributing to the spread of COVID-19 through the opening of liquor stores.,Could this statement could undermine public trust in the government's decision-making and fuel skepticism about the safety of reopening liquor stores.
3278,To The intent is to incite anger and unite Bihar's people against the Stalin government.,Could this statement could incite regional tension and anti-government sentiment among the people of Bihar.
153,To The intent is to blame the Tablighi Jamaat for spreading COVID-19.,"Could this statement could incite negative sentiment against the Tablighi Jamaat, potentially leading to communal tension."
2500,"To The intent is to portray the protesters as unpatriotic and potentially violent, suggesting they are not genuine farmers.",Could this statement could fuel communal tensions and reinforce negative stereotypes about farmers and Khalistan supporters.
3533,To criticize the government's handling of the situation in Bangladesh.,Could this statement could provoke anti-India sentiment and hostility towards the Modi government.
2700,To The intent is to discredit the farmers' protest by suggesting that their leadership is self-serving and insincere.,Could this statement could undermine the credibility of the protest and provoke skepticism among the public.
1881,To The intent is to criticize Khujliwal for allegedly ignoring Muslims and not handling the COVID-19 situation effectively.,Could this statement could incite anti-Muslim sentiment and undermine trust in the speaker's leadership.
2461,To The intent is to mock and criticize people for their actions during religious festivals.,Could this statement may provoke negative perceptions of Muslims and contribute to communal tensions.
2365,To The intent is to blame the Tablighi Jamaat for intentionally spreading COVID-19.,"Could this statement fuels negative sentiment and stigmatization against the Tablighi Jamaat, potentially leading to communal tension and discrimination."
4078,"To The intent is to suggest that the CCP should be held accountable for the virus by referring to it as a ""Chinese Virus.",Could this statement could provoke anti-China sentiment and justify aggressive actions against China.
1254,To The intent is to blame gatherings for the spread of COVID-19 and suggest that attendees are converting to Islam.,"Could this statement promotes communal bias and spreads misinformation, potentially inciting hatred and division."
3545,To The intent is to blame Indian Muslims for the subjugation of Hindus.,Could this statement may incite anti-Muslim sentiment and reinforce negative stereotypes about Indian Muslims.
1692,To The intent is to blame Tablighi Jamaat for spreading COVID-19 and accuse them of conspiring to do so.,"Could this statement could incite hostility and reinforce negative stereotypes against Tablighi Jamaat members, potentially leading to communal tension."
1303,To The intent is to criticize the perceived injustice and mismanagement in Delhi.,Could this statement may incite fear and blame a specific group or event for all negative occurrences in Delhi.
2665,To mock or belittle someone by referring to them as a bear.,Could this statement may provoke or escalate tension by using a derogatory term.
310,To The intent is to blame the Tablighi Jamaat for spreading COVID-19.,Could this statement could incite communal tension and reinforce stereotypes about Muslims and the spread of COVID-19.
2857,To The intent is to discredit Kaafi by associating him with various acts of violence and unrest.,Could this statement aims to discredit Kaafi's credibility and suggests that he is not genuinely concerned about Kashmiris.
2705,To The intent is to criticize Amit Shah for allegedly failing to address the fake farmers' protest effectively.,Could this statement could undermine the credibility of the person mentioned and suggest that they are not reliable or informed.
3397,To portray Hindus in Bangladesh as being oppressed and in need of support.,Could this statement could incite anti-Muslim sentiment and promote communal tension.
4381,To The intent is to hold China accountable for the pandemic and suggest severe economic consequences for the country.,Could this statement could incite anti-China sentiment and promote hostility towards the country.
3072,To question the credibility of Adani Gautam and Narendra Modi by suggesting that their financial resources were used for political campaigning.,Could this statement could undermine the credibility of Adani Gautam and the BJP by suggesting financial motives behind their political activities.
3728,To suggest that China is responsible for the COVID-19 pandemic.,"Could this statement may fuel suspicion and negative sentiment towards China, potentially influencing public perception and discourse."
2156,To The intent is to blame the Tablighi Jamaat for spreading COVID-19 across India.,"Could this statement could incite blame and stigmatization against the Tablighi Jamaat, potentially leading to communal tension."
1352,To The intent is to criticize the group for not acknowledging their mistake in spreading COVID-19.,Could this statement may provoke negative sentiment towards the group and undermine their reputation.
185,To The intent is to blame the Tablighi Jamaat for spreading COVID-19.,"Could this statement could incite hostility and negative sentiment towards the group, potentially leading to communal tension."
206,To The intent is to blame Tablighi Jamaat for spreading COVID-19.,Could this statement could incite anti-Tablighi sentiment and contribute to communal tension.
411,To The intent is to portray the police as heroic and effective in combating the coronavirus.,Could this statement could provoke negative sentiment towards the police and the government's handling of the pandemic.
595,To The intent is to criticize the Tablighi Jamaat for allegedly spreading COVID-19.,Could this statement could incite hostility towards the Tablighi Jamaat and promote communal tension.
2219,To criticize Tablighi Jamaat for allegedly spreading COVID-19.,"Could this statement may provoke negative sentiment towards Tablighi Jamaat and its followers, potentially leading to communal tension."
3059,To The intent is to criticize Hindenburg Research by suggesting that its actions have negatively impacted Adani Group's financial status.,Could this statement could undermine the credibility of Hindenburg Research and Adani Group by suggesting that their claims are not reliable.
306,To The intent is to provoke and insult by suggesting that the Tablighi Jamaat is responsible for more COVID-19 cases than other groups.,Could this statement could incite communal tension and blame a specific group for the spread of COVID-19.
3867,To The intent is to portray China as a threat that needs to be aggressively countered.,"Could this statement promotes hostility and violence against China, potentially inciting anti-Chinese sentiment."
169,To The intent is to blame the gathering for contributing to the spread of COVID-19 in India.,Could this statement could incite anti-Tablighi sentiment and contribute to communal tension.
4228,To The intent is to portray Schwab as promoting extreme and violent measures to reduce the population.,Could this statement could incite fear and hostility towards China and its population.
1127,To The intent is to blame the Namaste Trump event for the spread of COVID-19 in the country.,"Could this statement could incite blame and resentment towards the Tablighi Jamaat and wine shops, potentially leading to communal tension."
3548,To The intent is to incite division and hostility between religious or ethnic groups in Bangladesh.,Could this statement may incite hostility and division among different religious and ethnic groups in Bangladesh.
2253,To The intent is to criticize and accuse certain individuals of unfairly blaming the Tablighi Jamaat for the spread of COVID-19.,Could this statement could incite communal tensions and promote divisiveness by singling out a specific group for blame.
2067,To criticize the police for their perceived inconsistency and lack of transparency in handling the situation.,Could this statement may provoke distrust in law enforcement and fuel conspiracy theories about selective enforcement.
4454,To mock the CAA by suggesting it is a threat to Muslim identity.,Could this statement may provoke anti-CAA sentiment and reinforce negative perceptions of Muslims among the audience.
212,To The intent is to blame the Tablighi Jamaat for spreading COVID-19.,Could this statement could incite negative sentiment against the Tablighi Jamaat and its followers.
2673,To criticize the police force in other states for their perceived inaction during protests.,"Could this statement may provoke negative sentiment towards the police in other states, suggesting they are not as committed to upholding the law."
85,To The intent is to accuse the United States of deceitfully misleading the world about its handling of the coronavirus.,Could this statement may foster anti-U. S.
1715,To The intent is to discredit and provoke Muslims by suggesting they are spreading lies and hate.,Could this statement may incite communal tension and promote distrust among different religious communities.
706,To blame foreigners attending the Tablighi Jamaat for the spread of COVID-19.,Could this statement implies that visa-granted foreigners are responsible for the spread of COVID-19 in India.
2888,To criticize the CBI for not providing updates on the farmer protest.,Could this statement may undermine the credibility of the CBI and fuel public distrust in the investigation process.
3655,To express a negative sentiment towards the person's in-laws.,Could this statement may reinforce stereotypes and contribute to communal tensions.
1175,To criticize Times Now for unfairly blaming Muslims by suggesting they are being targeted under the pretext of the coronavirus.,Could this statement could provoke hostility towards Muslims and contribute to communal tension.
4337,To The intent is to portray the PLA as deserving of punishment for alleged war crimes.,Could this statement could provoke anti-China sentiment and justify military action against China.
1850,To The intent is to portray media as biased against Muslims by associating them with negative events.,Could this statement could incite communal tensions and promote anti-Muslim sentiment.
1778,To The intent is to criticize the Tablighi Jamaat for contributing to the spread of COVID-19 and for their perceived ignorance.,"Could this statement could incite negative sentiment against the Tablighi Jamaat and its followers, potentially leading to communal tension."
3590,To The intent is to portray China as a threat that could justify extreme measures against it.,Could this statement could escalate tensions and provoke fear or hostility towards China.
181,To The intent is to blame Tablighi Jamaat for intentionally spreading COVID-19.,Could this statement could incite communal tension and blame a specific group for the spread of the virus.
811,To The intent is to blame Tablighi Jamaat for the spread of COVID-19.,Could this statement could incite hostility and negative sentiment towards Tablighi Jamaat and its followers.
433,To blame Tablighi Jamaat for spreading COVID-19.,"Could this statement could incite hostility and blame towards the Tablighi Jamaat, potentially leading to communal tension."
290,To The intent is to associate the Tablighi Jamaat with the spread of COVID-19.,Could this statement could incite anti-Tablighi sentiment and spread misinformation about the origins of the virus.
3610,To The intent is to express hostility towards China.,Could this statement may incite anti-China sentiment and strain diplomatic relations between China and the U. S.
4109,To incite violence against the unspecified group.,"Could this statement promotes aggressive and violent actions, potentially inciting hostility and conflict."
1438,To The intent is to portray Tablighi Jamaat as engaging in immoral and socially unacceptable behavior.,Could this statement could incite negative sentiment and prejudice against the Tablighi Jamaat.
1163,To The intent is to criticize Sanjay Azad for allegedly supporting the BJP and targeting the Tablighi Jamaat.,"Could this statement could provoke negative sentiment against the mentioned individuals and parties, potentially leading to increased political polarization."
189,To The intent is to criticize and blame the group for contributing to the spread of COVID-19.,Could this statement could incite hostility and reinforce negative stereotypes against the group.
4045,To The intent is to associate the CCP with the spread of COVID-19.,Could this statement could provoke anti-China sentiment and reinforce negative perceptions of the CCP.
2300,To The intent is to blame Tablighi Jamaat and its followers for spreading COVID-19 and to insult their religious leaders.,Could this statement could incite hostility and reinforce negative stereotypes against Tablighi Jamaat and its followers.
280,To criticize the congregation for contributing to the spread of COVID-19.,Could this statement may fuel negative perceptions and stigmatization of the congregation.
367,To The intent is to blame Tablighi Jamaat for spreading COVID-19.,"Could this statement could incite negative sentiment towards Tablighi Jamaat and its members, potentially leading to communal tension."
671,To criticize the media for perceived bias in reporting on the Tablighi Jamaat.,Could this statement may fuel communal tensions and reinforce negative stereotypes about the Tablighi Jamaat.
271,To The intent is to criticize Tablighi Jamaat for contributing to the spread of COVID-19.,"Could this statement could provoke negative sentiment towards Tablighi Jamaat and its members, potentially leading to communal tension."
3358,To criticize Rahul Gandhi for allegedly being influenced by his associates.,Could this statement may undermine Rahul Gandhi's credibility and suggest political bias in his actions.
2296,To criticize the Kejriwal government for allegedly concealing information about the Tablighi Jamaat.,Could this statement may undermine the credibility of the regional party's government and its handling of the pandemic.
1428,To The intent is to criticize and blame Tablighi Jamaat for spreading COVID-19.,"Could this statement could provoke negative sentiment towards Tablighi Jamaat and its members, potentially leading to increased stigmatization and discrimination."
747,To mock and ridicule the Tablighi Jamaat by suggesting they are responsible for spreading COVID-19.,"Could this statement promotes harmful and ineffective methods, potentially inciting violence and spreading misinformation."
1989,To criticize the Tablighi Jamaat for contributing to the spread of COVID-19 and suggest that they should not be allowed to gather.,"Could this statement could provoke negative sentiment towards the Tablighi Jamaat and its followers, potentially leading to communal tension."
1120,To The intent is to blame Tablighi Jamaat for intentionally spreading COVID-19 in India.,"Could this statement could incite negative sentiment against Tablighi Jamaat and its followers, potentially leading to communal tension."
368,To The intent is to blame the Tablighi Jamaat for spreading COVID-19 and to portray them as traitors.,"Could this statement could incite hostility and violence against Tablighi Jamaat members, potentially leading to communal tension."
2433,To The intent is to blame Madrasa products for spreading COVID-19 and accuse them of being careless and disrespectful.,Could this statement could incite anti-Muslim sentiment and promote communal tension.
221,To The intent is to question Maulana's actions during the congregation amid the pandemic.,"Could this statement implies that Maulana was negligent or irresponsible during the pandemic, potentially inciting negative perceptions of him."
1316,To The intent is to discredit the Maharashtra government by labeling it as corrupt and associated with terrorism.,"Could this statement could provoke negative sentiment against the Maharashtra government and its leadership, potentially leading to public distrust and criticism."
4281,To The intent is to portray China as responsible for the global spread of the virus.,Could this statement may foster anti-China sentiment and justify negative actions against China.
2772,To discredit the farmer protest by labeling it as fake and involving biased journalists.,"Could this statement could undermine the credibility of the protest and the media covering it, potentially influencing public perception and support."
3979,"To The intent is to criticize or mock the term ""Chinese Corona Pandemic"" by calling it unoriginal or uncreative.",Could this statement may fuel anti-Chinese sentiment and contribute to negative perceptions of Chinese people.
462,To The intent is to criticize and blame the person for spreading COVID-19.,"Could this statement could provoke negative sentiment against the person, potentially leading to social backlash or boycott."
1946,To The intent is to blame Tablighi Jamaat for the spread of COVID-19 by suggesting they were not engaged in service.,"Could this statement could fuel negative sentiment against Tablighi Jamaat and its followers, potentially leading to communal tension."
552,To The intent is to criticize the Tablighi Jamaat for irresponsibly contributing to the spread of COVID-19.,"Could this statement could provoke public anger and increase anti-Tablighi sentiment, potentially leading to communal tension."
627,To criticize the media for irresponsibly spreading misinformation.,Could this statement suggests that the media is irresponsible and contributing to the spread of misinformation.
643,To The intent is to criticize the perceived inaction or ineffectiveness of authorities in apprehending Muslims associated with the Jamaat.,Could this statement may fuel communal tensions and reinforce negative stereotypes about Muslims.
3356,To mock and demean RRR by comparing him to a prostitute.,"Could this statement could provoke negative sentiment towards RRR and RR, potentially leading to backlash or boycott."
897,To criticize Tablighi Jamaat for not contributing to the fight against COVID-19.,"Could this statement could provoke negative sentiment towards Tablighi Jamaat and its members, potentially leading to communal tension."
2261,To criticize the government's lack of intelligence and suggest that the media is biased.,"Could this statement suggests a lack of trust in the government's ability to handle security and public health issues, potentially undermining public confidence."
403,To The intent is to mock and criticize the Tablighi Jamaat for spreading COVID-19.,"Could this statement could incite negative sentiment against the Tablighi Jamaat and its followers, potentially leading to communal tension."
2522,To The intent is to discredit the farmers' protest by associating it with controversial figures and movements.,"Could this statement could provoke negative sentiment towards those who support Kangana and Khalistan, potentially leading to social division."
2741,To criticize Amit Shah for not addressing the issue of the fake farmers' protest.,"Could this statement could provoke negative sentiment against Amit Shah and the government, potentially undermining their credibility."
4321,To The intent is to accuse China of intentionally creating and using a biological weapon.,Could this statement may fuel anti-China sentiment and contribute to negative perceptions of China's actions.
2656,To suggest that the implementation of NRC and CAA will identify and deport individuals considered traitors.,Could this statement could incite fear and distrust among Indian Muslims and promote anti-Muslim sentiment.
4141,To The intent is to portray China as irresponsible and deceitful in handling the virus situation.,Could this statement could fuel anti-China sentiment and distrust towards Chinese authorities and institutions.
2496,To The intent is to discredit the farmers' protest by associating it with Khalistan and Congress lackeys.,"Could this statement aims to discredit the farmers' protest by associating it with Khalistan and Congress, potentially undermining their legitimacy."
3921,To The intent is to portray China as intentionally obstructing the correct naming of the virus to avoid embarrassment.,Could this statement may fuel anti-China sentiment and reinforce negative stereotypes about the country.
3338,To The intent is to mock and belittle the perceived weaknesses of the South Indian states.,Could this statement may incite regional tensions and promote divisiveness among different Indian communities.
193,To The intent is to blame the Tablighi Jamaat for spreading COVID-19.,"Could this statement could incite hostility and blame a specific group for the spread of COVID-19, potentially leading to communal tension."
4345,To The intent is to express strong negative sentiment towards China.,Could this statement may incite anti-China sentiment and hostility among the audience.
3649,To The intent is to call for the end of the Chinese Communist Party and express a desire for retribution against it.,Could this statement could incite anti-China sentiment and provoke hostility towards the Chinese government.
315,To criticize Amit Shah for associating with the Tablighi Jamaat and imply that it led to his infection with COVID-19.,Could this statement could provoke negative sentiment towards Amit Shah and the government's handling of the pandemic.
2234,To criticize the Tablighi Jamaat for spreading COVID-19 and engaging in disrespectful behavior.,"Could this statement could provoke negative sentiment towards the Tablighi Jamaat and its members, potentially leading to communal tension."
2203,To criticize the government for allegedly neglecting proper screening procedures at airports.,Could this statement undermines the credibility of the government and suggests that it is not effectively managing the situation.
2448,To criticize the allocation of resources to Tablighi Jamaat members during the pandemic.,Could this statement could provoke negative sentiment towards Tablighi Jamaat and undermine public support for their treatment.
4519,To The intent is to associate Modi with anti-Muslim sentiment.,Could this statement may fuel anti-Muslim sentiment and contribute to communal tensions.
114,To blame the spread of COVID-19 in India on voters' choices rather than the virus itself.,"Could this statement implies that the spread of COVID-19 in India is due to political decisions rather than the virus itself, potentially inciting political blame and division."
2405,To The intent is to criticize Sudhir Chandra for spreading misinformation and causing harm to the poor and vulnerable.,Could this statement could provoke negative sentiment against Sudhir Chaudhary and potentially incite hostility towards the Tablighi Jamaat.
2226,To criticize the government for not isolating individuals from the Tablighi Jamaat to prevent the spread of COVID-19.,"Could this statement implies that the government failed to contain the spread of COVID-19 effectively, potentially leading to public distrust in government actions."
4041,To portray China as a malicious and intentional agent responsible for creating and spreading the pandemic.,Could this statement could incite anti-China sentiment and fuel hostility towards China among the audience.
3559,To The intent is to criticize or mock the perceived hypocrisy of a group or individual.,Could this statement may provoke hostility and reinforce negative stereotypes about a particular religion.
3780,To The intent is to portray China as responsible for the spread of the virus.,Could this statement may fuel anti-China sentiment and contribute to negative perceptions of Chinese culture and policies.
2678,To The intent is to criticize the company for allegedly supporting multiple controversial movements.,"Could this statement could incite negative sentiment against the company and its actions, potentially damaging its reputation and financial status."
3934,To The intent is to portray China as responsible for spreading a virus and to criticize them for their actions.,Could this statement could incite anti-China sentiment and promote racism against Chinese people.
1184,To The intent is to incite hatred and violence against Muslims by associating them with the spread of COVID-19.,Could this statement could incite communal tensions and promote anti-Muslim sentiment.
3722,To The intent is to blame the Chinese government for the virus.,Could this statement may fuel anti-China sentiment and contribute to a climate of hostility and distrust.
1273,To The intent is to portray Tablighi Jamaat as a threat to India's sovereignty and national security.,Could this statement could incite communal tensions and spread misinformation about the Tablighi Jamaat's intentions.
4530,To The intent is to portray Islam as a threat to Indian society and national identity.,Could this statement may incite anti-Muslim sentiment and promote communal tension.
2926,To The intent is to mock and discredit farmers by labeling them as fake and implying that their protests are insincere.,Could this statement could provoke negative sentiment towards Canadian farmers and undermine the credibility of their protests.
2497,"To The intent is to accuse the farmers' protest of being a proxy for Khalistan, suggesting it's a movement with ulterior motives.",Could this statement could incite anti-Indian sentiment and provoke communal tensions.
1739,To emphasize the importance of caution and personal responsibility in preventing the spread of COVID-19.,Could this statement may reduce fear and promote a sense of responsibility among individuals to prevent the spread of the virus.
1403,To The intent is to criticize the Tablighi Jamaat for not adhering to COVID-19 restrictions and to associate them with political unrest.,"Could this statement implies that the Tablighi Jamaat and BJP are responsible for the spread of COVID-19 and the Delhi riot, potentially inciting negative sentiment against them."
3037,To defend Adani and criticize Hindenburg for allegedly causing unnecessary global controversy.,Could this statement could undermine confidence in the Adani Group and provoke negative sentiment against it.
2012,To criticize the perceived double standards in the treatment of Tablighi Jamaat and Hindu practices.,Could this statement may provoke anti-Tablighi sentiment and reinforce negative stereotypes about the group.
2779,"To The intent is to criticize and delegitimize the farmers' protest by labeling it as ""fake"" and ""unjustified.","Could this statement could provoke negative sentiment towards farmers and their protests, potentially leading to increased hostility and division."
1551,To The intent is to criticize Zee News for allegedly hiding information about its staff's COVID-19 status.,Could this statement could incite communal tension and spread misinformation about Zee News' practices.
4398,To portray China as cruel and deserving of divine wrath for its actions.,Could this statement may incite anti-China sentiment and promote negative perceptions of the country.
2663,To The intent is to portray railway workers as a threat to public safety.,Could this statement promotes negative stereotypes and could incite hostility towards a specific group of people.
2789,To criticize Zee News for allegedly misrepresenting the Farmers' Protest.,Could this statement could undermine the credibility of Zee News and its coverage of the Farmers' Protest.
4341,To The intent is to express anger and demand punishment against China.,Could this statement may incite anti-China sentiment and hostility among the audience.
3051,To mock the Adani Group by suggesting that its reputation would be better if it were not associated with the Hindenburg report.,"Could this statement implies that the Adani Group's reputation is tarnished by the Hindenburg report, potentially affecting its public image and business dealings."
2993,To encourage a boycott against SRK and his work.,"Could this statement could incite negative sentiment against SRK and his fans, potentially leading to divisiveness and hostility."
451,To The intent is to portray Tablighi Jamaat as intentionally spreading COVID-19.,"Could this statement could incite fear and hostility towards Tablighi Jamaat members, potentially leading to communal tension."
4193,To The intent is to criticize the Chinese Communist Party by labeling it as a gangster party and question its legitimacy and actions.,Could this statement could fuel anti-China sentiment and provoke negative perceptions of the Chinese government.
4258,To The intent is to express anger and hostility towards a group or entity.,Could this statement may incite fear and hostility towards the mentioned group.
1789,To The intent is to criticize and discredit the Tablighi Jamaat by suggesting they are responsible for spreading COVID-19.,"Could this statement could incite hostility towards the Tablighi Jamaat and its followers, potentially leading to communal tension."
603,To The intent is to mock and blame those who insulted the Jamaat for spreading COVID-19.,Could this statement may incite hostility and reinforce negative stereotypes against the Jamaat community.
2811,To discredit the farmers' protest by labeling it as fake.,Could this statement could provoke defensiveness and escalate tensions between different groups.
3108,To The intent is to criticize the propaganda surrounding the 'Love Jihad' theory and encourage adherence to Hinduism.,Could this statement may incite fear and hostility towards Muslims and promote Hindu nationalism.
2635,To The intent is to portray Hindus as being under threat or attack.,"Could this statement could incite fear and hostility towards Hindus, potentially leading to communal tension."
3828,To The intent is to associate the coronavirus with the Chinese Communist Party.,Could this statement may provoke anti-China sentiment and reinforce negative perceptions of the Chinese government.
3999,To The intent is to blame the Chinese Communist Party for causing harm to Chinese people.,Could this statement could incite anti-China sentiment and provoke hostility towards Chinese individuals.
255,To blame Tablighi Jamaat for contributing to the spread of COVID-19.,Could this statement could incite negative sentiment against the Tablighi Jamaat and its followers.
3561,To The intent is to blame Muslims for causing trouble.,Could this statement may incite anti-Muslim sentiment and contribute to communal tensions.
512,To The intent is to criticize and provoke by suggesting that Tablighi Jamaat faced oppression during the pandemic.,Could this statement could provoke negative sentiment towards Tablighi Jamaat and fuel communal tensions.
1164,To The intent is to criticize and blame Tablighi Jamaat for spreading COVID-19.,"Could this statement could incite negative sentiment against Tablighi Jamaat and its followers, potentially leading to communal tension."
3586,To The intent is to insinuate that the person is preparing to leave or abandon their current situation.,"Could this statement implies that the person is being unfairly blamed or targeted, potentially leading to negative perceptions or backlash."
74,To The intent is to criticize China for hiding the origins of the coronavirus and to defame the Tablighi Jamaat.,Could this statement may provoke anti-China sentiment and reinforce negative perceptions of the Tablighi Jamaat.
1076,To The intent is to criticize Muslims by implying they are responsible for spreading COVID-19.,Could this statement could incite anti-Muslim sentiment and reinforce negative stereotypes about Muslims.
1021,To The intent is to criticize Tablighi Jamaat followers for allegedly being responsible for the spread of COVID-19.,Could this statement may incite prejudice and reinforce negative stereotypes against Tablighi Jamaat followers.
4243,To The intent is to express a desire for China to be removed from the MAP.,Could this statement may fuel anti-China sentiment and provoke hostility or aggression towards China.
2485,To The intent is to portray the farmer protest as a cover for promoting Khalistan.,Could this statement could incite anti-police sentiment and fuel conspiracy theories about the farmers' protest.
732,To The intent is to blame Tablighi Jamaat for spreading COVID-19 by suggesting their actions are deliberate and irresponsible.,Could this statement could incite hostility and reinforce negative stereotypes against Tablighi Jamaat members.
600,To The intent is to blame Tablighi Jamaat for spreading COVID-19.,"Could this statement could incite negative sentiment against Tablighi Jamaat and its followers, potentially leading to communal tension."
760,To The intent is to criticize Tablighi Jamaat for contributing to the spread of COVID-19.,"Could this statement could incite negative sentiment against Tablighi Jamaat and its followers, potentially leading to communal tension."
3139,To The intent is to blame non-Muslims for the alleged reduction in the number of girls and to accuse them of conspiracies.,Could this statement could incite anti-Muslim sentiment and reinforce negative stereotypes.
4354,To The intent is to express a desire for collective action against those perceived as responsible for global destruction.,Could this statement may incite hostility and justify aggressive actions against the mentioned group.
3777,To The intent is to blame China for the spread of the flu and the cessation of protests.,Could this statement may provoke anti-China sentiment and reinforce negative perceptions of China's influence.
427,To mock and demean the Tablighi Jamaat by associating them with the coronavirus.,Could this statement could provoke negative sentiment towards the Tablighi Jamaat and contribute to communal tensions.
4508,To portray Muslims as incompatible with a country's values and interests.,Could this statement may incite anti-Muslim sentiment and promote discrimination against Muslims.
495,To The intent is to blame the media for spreading misinformation about the Tablighi Jamaat.,Could this statement may fuel communal tensions and reinforce negative stereotypes against Tablighi Jamaat supporters.
352,To The intent is to criticize the Akshardham Jamaat for contributing to the spread of COVID-19.,"Could this statement could incite fear and blame the Jamaat for spreading COVID-19, potentially leading to communal tension."
2586,To The intent is to portray Hindus in Kashmir as victims of terrorism and to provoke a sense of injustice and anger.,Could this statement could incite hostility and encourage violence against Hindus in Kashmir.
1648,To The intent is to blame the Tablighi Jamaat for contributing to the spread of COVID-19 and exaggerate their role in the pandemic.,"Could this statement could provoke negative sentiment towards the Tablighi Jamaat and its members, potentially leading to communal tension."
791,To The intent is to criticize Kashyap Kishan1 for deflecting blame from Modi's actions by accusing the Tablighi Jamaat.,"Could this statement could provoke negative sentiment against the person and their family, potentially leading to social backlash or boycott."
4303,To incite violence against China and the Chinese Communist Party.,"Could this statement could incite hostility and violence against Chinese people and the CCP, potentially leading to anti-China sentiment and conflict."
4175,To The intent is to portray China as dishonest and morally corrupt.,Could this statement may provoke anti-China sentiment and reinforce negative stereotypes about China's actions.
1589,To The intent is to portray Tablighi Jamaat as a threat and justify violence against them.,"Could this statement could incite fear and hostility towards Tablighi Jamaat members, potentially leading to communal tension and violence."
4183,To The intent is to blame China and its communist government for the spread of the virus.,Could this statement may fuel anti-China sentiment and contribute to negative perceptions of the Chinese government.
1222,To The intent is to portray Tablighi Jamaat as responsible for spreading both COVID-19 and promoting jihadism.,Could this statement could incite communal tension and blame a specific religious group for the spread of COVID-19.
3708,"To The intent is to blame China for the spread of COVID-19 by labeling it as the ""CCP-Corona virus.",Could this statement may incite anti-China sentiment and reinforce negative perceptions of the Chinese government.
1174,To question the focus on the congregation and suggest that other communities should also be accounted for in the context of COVID-19 cases.,Could this statement suggests that the focus on the congregation is biased and implies unfair treatment of other communities.
2576,To The intent is to criticize The Suhani Shah for perceived hypocrisy in promoting religious harmony.,Could this statement could provoke defensiveness and reinforce negative stereotypes about Hindu saints and their followers.
4313,To The intent is to criticize Germany and the USA for their perceived alignment with China.,Could this statement could provoke anti-China sentiment and strain diplomatic relations between China and the mentioned countries.
3961,To The intent is to blame and criticize China for economic and humanitarian issues.,Could this statement could foster anti-China sentiment and negatively impact trade relations.
2093,To criticize media for biased reporting and misrepresentation of the Tablighi Jamaat.,Could this statement may fuel communal tensions and reinforce negative stereotypes about the Tablighi Jamaat.
3838,"To The intent is to criticize the Chinese Communist Party for negligence and cruelty, suggesting it is responsible for global suffering.",Could this statement may fuel anti-CCP sentiment and promote negative perceptions of China's governance.
857,To The intent is to question the source of the COVID-19 spread in America.,"Could this statement could incite suspicion and blame on specific groups or congregations, potentially leading to communal tension."
1481,To The intent is to criticize the Tablighi Jamaat for spreading COVID-19 and hiding information.,"Could this statement could incite negative sentiment against the Tablighi Jamaat and its members, potentially leading to communal tension."
3275,To The intent is to dehumanize and devalue the people of Tamil Nadu by portraying them as demons.,"Could this statement promotes hostility and discrimination against Tamil Nadu's residents, potentially inciting communal tension."
1103,To portray Tablighi Jamaat as a terrorist group responsible for spreading COVID-19 in India.,Could this statement could incite anti-Tablighi sentiment and promote negative stereotypes about the group.
3641,To The intent is to accuse the CCP of using biological weapons to reduce its population.,Could this statement could fuel anti-China sentiment and justify hostile actions against China.
1658,To The intent is to criticize the Jamaat for spreading COVID-19.,Could this statement may fuel communal tensions and blame a specific group for the spread of COVID-19.
357,To The intent is to criticize Amit Shah by implying he attended a gathering that led to his COVID-19 infection.,"Could this statement could provoke negative sentiment towards Amit Shah and the Tablighi Jamaat, potentially leading to communal tension."
1868,To The intent is to criticize media for allegedly spreading misinformation and distracting from the issue of corona cases.,"Could this statement may fuel distrust and animosity towards media outlets and the government, suggesting they are biased or incompetent."
3193,To question the fairness and objectivity of the media's coverage.,Could this statement may provoke defensiveness and reinforce the perception of bias against Muslims.
2099,To The intent is to criticize the Tablighi Jamaat for not taking responsibility for the spread of COVID-19.,Could this statement could incite negative sentiment against Tablighi Jamaat and fuel communal tensions.
3464,To The intent is to criticize Hindus for being divided by caste and for supporting perceived evils.,Could this statement could provoke anti-immigrant sentiment and reinforce communal divides among Hindus.
860,To The intent is to question and potentially blame a specific group for spreading COVID-19.,Could this statement could provoke hostility and reinforce stereotypes against the mentioned group.
2385,To criticize the Jamaat for not following global health guidelines and suggesting they are resisting them.,Could this statement may provoke defensiveness and reinforce negative stereotypes about the Jamaat community.
1259,To The intent is to blame Tablighi Jamaat for spreading COVID-19 and imply divine intervention in the process.,"Could this statement could incite hostility towards Tablighi Jamaat and its followers, potentially leading to communal tension."
2944,To The intent is to discredit the credibility of Punjabi farmers and the media by suggesting that the protest is not genuine.,"Could this statement could incite distrust and hostility towards Punjabi farmers and media outlets, potentially fueling communal tensions."
3606,To The intent is to dehumanize and devalue the Chinese population by suggesting they are expendable.,Could this statement may incite anti-China sentiment and promote negative stereotypes about the country.
3694,To The intent is to blame China for the global spread of COVID-19.,Could this statement may foster anti-China sentiment and contribute to global tensions.
681,To criticize the Tablighi Jamaat for allegedly hiding their involvement in the Rathyatra.,"Could this statement may fuel distrust and suspicion towards the Tablighi Jamaat, suggesting they are not being transparent about their activities."
3736,To The intent is to portray China as a deliberate agent of global harm through the creation and release of a biological weapon.,"Could this statement could incite fear and hostility towards China and its citizens, potentially leading to increased anti-China sentiment and discrimination."
4188,To associate the virus with the Chinese Communist Party.,Could this statement may provoke anti-China sentiment and contribute to negative perceptions of the Chinese government.
1026,To portray Tablighi Jamaat members as willing to donate plasma to combat COVID-19.,"Could this statement may provoke hostility towards Tablighi Jamaat and its members, potentially leading to communal tension."
1552,To The intent is to portray Tablighi Jamaat as a threat to society and a source of corruption.,"Could this statement could incite hostility towards Tablighi Jamaat and its followers, potentially leading to communal tension."
3850,"To The intent is to promote the use of the term ""Wuhan Virus"" to counter Chinese Communist Party propaganda.",Could this statement may reinforce negative perceptions and contribute to anti-China sentiment.
333,To question the credibility of Zee News by implying that they may have attended the gathering and spread COVID-19.,"Could this statement could provoke skepticism and distrust towards Zee News, suggesting that they are biased or unreliable in reporting on the Jamaat gathering."
801,To The intent is to mock and criticize those who spread COVID-19 by suggesting they are hypocritical.,"Could this statement may incite distrust and hostility towards those who donate plasma, suggesting they are exploiting the situation."
721,To criticize Zee News for allegedly spreading misinformation about the Tablighi Jamaat.,"Could this statement could incite negative sentiment against Zee News and the Tablighi Jamaat, potentially leading to communal tension."
1746,To The intent is to criticize the channel for allegedly defaming Muslims and to highlight perceived government incompetence.,Could this statement could provoke anti-Muslim sentiment and reinforce negative stereotypes about Muslims.
2466,To The intent is to mock Arvind Kejriwal by associating him with negative stereotypes.,Could this statement aims to discredit Kejriwal by associating him with negative stereotypes and undermining his credibility.
3453,To The intent is to portray Islam as evil and harmful.,Could this statement may incite hostility and negative perceptions towards the religion.
3026,To question the legitimacy of Adani's financial growth and suggest it may be influenced by political motives.,"Could this statement implies that Adani's financial growth is unjustified or exaggerated, potentially damaging its reputation."
2880,To criticize Arvind Kejriwal and his supporters for allegedly supporting the fake farmer protest and opposing the odd-even traffic scheme.,Could this statement suggests that the protesters are hypocritical and undermines their credibility.
3982,To The intent is to portray the Chinese government as responsible for the spread of COVID-19 and the deaths it has caused.,Could this statement could incite anti-Chinese sentiment and fuel conspiracy theories about the government's intentions.
1375,To The intent is to criticize the Tablighi Jamaat for being a single source of the COVID-19 crisis.,Could this statement could provoke anti-Tablighi sentiment and promote communal division.
4498,To The intent is to criticize and demean Indian Hindus by accusing them of hypocrisy and shameful behavior.,Could this statement may incite division and hostility among different religious groups in India.
1232,To criticize the media and authorities for disproportionately blaming Tablighi Jamaat for the spread of COVID-19.,Could this statement may provoke defensive reactions and reinforce negative stereotypes against the Tablighi Jamaat.
3379,To The intent is to portray Hindus as aggressive and violent.,"Could this statement may provoke fear and hostility towards Hindus, potentially leading to increased communal tension."
1667,To The intent is to portray the government as biased against Tablighi Jamaat.,"Could this statement could incite distrust and hostility towards the government and Tablighi Jamaat, potentially leading to communal tension."
2674,To The intent is to criticize and accuse the protesters of being divisive and dishonest.,"Could this statement could foster distrust and division between different communities, potentially escalating communal tensions."
4452,To The intent is to portray Muslims as violent and disruptive.,Could this statement may incite anti-Muslim sentiment and promote communal tension.
590,To The intent is to criticize and blame Tablighi Jamaat for spreading COVID-19.,Could this statement could incite hostility and reinforce negative stereotypes against Tablighi Jamaat and its followers.
950,To blame Tablighi Jamaat for spreading COVID-19 and fueling Hindu-Muslim tensions.,Could this statement could incite communal tensions and provoke hostility towards Tablighi Jamaat members.
446,To mock and blame Tablighi Jamaat for the spread of COVID-19.,Could this statement could incite fear and hostility towards Tablighi Jamaat and its followers.
4420,To The intent is to portray China as a ruthless and dangerous entity that needs to be dealt with by the international community.,"Could this statement could incite hostility and encourage aggressive actions against the individual or group labeled as a ""Hitler."
2729,To discredit the farmers by labeling them as fake and suggesting they are not genuinely participating in the protest.,Could this statement undermines the credibility of the farmers' protest and suggests that their actions are driven by ulterior motives rather than genuine concerns.
1033,To The intent is to blame Muslims for the spread of COVID-19 by suggesting that media propaganda has influenced public perception.,Could this statement may fuel communal tensions and reinforce negative stereotypes against Muslims.
1030,To criticize the Tablighi Jamaat for allegedly contributing to the spread of COVID-19.,"Could this statement may incite negative sentiment towards Muslims and the Tablighi Jamaat, potentially leading to communal tension."
453,To The intent is to criticize Rajat Sharma for allegedly defending the Tablighi Jamaat.,"Could this statement could provoke defensiveness or hostility towards the person, potentially escalating tensions."
2160,To The intent is to criticize the Modi government for allegedly prioritizing the spread of COVID-19.,Could this statement could provoke negative sentiment against the Modi government and its handling of the pandemic.
1107,To The intent is to blame Pakistani tweeters for spreading COVID-19 and to criticize them for their actions.,Could this statement could incite hostility and reinforce negative stereotypes against Pakistani Muslims.
2921,To The intent is to portray supporters of the fake farmer protest as cowards.,Could this statement could provoke negative sentiment against the protesters and delegitimize their cause.
2488,To The intent is to criticize and delegitimize the farmer protest by associating it with separatist sentiments.,"Could this statement could provoke negative sentiment against the farmers and their leaders, potentially undermining the legitimacy of the protest."
1729,To The intent is to blame Hindu-Muslim tensions and the Tablighi Jamaat for the negative impacts of the coronavirus pandemic.,Could this statement could incite anti-Muslim sentiment and promote communal violence.
15,To criticize Rahul Gandhi for prioritizing employment over handling the current crisis.,Could this statement could undermine Rahul Gandhi's credibility and influence public perception of his priorities.
2788,To discredit the farmers' protest by labeling it as illegitimate.,Could this statement could incite distrust and hostility towards the farmers and their cause.
3183,To The intent is to question the credibility of the current government and suggest that it is biased or corrupt.,"Could this statement could undermine trust in the government and its actions, suggesting corruption and bias."
1452,To The intent is to discredit Tablighi Jamaat by associating it with the spread of COVID-19.,"Could this statement could incite negative sentiment against Tablighi Jamaat and its followers, potentially leading to communal tension."
2217,To The intent is to criticize Tablighi Jamaat for contributing to the spread of COVID-19.,Could this statement may provoke hostility and division among followers of different religious groups.
4309,To The intent is to blame China for the creation and release of the virus.,Could this statement may fuel anti-China sentiment and distrust towards Chinese products and people.
1028,To The intent is to criticize the media for consistently associating the Tablighi Jamaat with the spread of COVID-19.,Could this statement suggests media bias and attempts to discredit the media's efforts to find a connection between the Tablighi Jamaat and the spread of COVID-19.
361,To question the effectiveness of measures against corona and express skepticism about their impact.,Could this statement may provoke skepticism or distrust in the news media's reporting on the pandemic.
1486,To The intent is to mock and discredit the Tablighi Jamaat by associating it with unsanitary practices.,"Could this statement could incite fear and misinformation about the Tablighi Jamaat and its practices, potentially leading to communal tension."
4224,To portray China as intentionally creating and spreading a deadly virus globally.,Could this statement could fuel anti-China sentiment and contribute to global tensions.
3886,To The intent is to portray China as responsible for the flu-like illness.,Could this statement may incite anti-China sentiment and reinforce negative stereotypes.
2793,To discredit Rakesh Tikait by associating him with a fake farmers' protest.,Could this statement could undermine Rakesh Tikait's credibility and influence public perception of his protest.
1819,"To The intent is to portray Muslims, specifically the Jamaat, as responsible for spreading COVID-19 in India.",Could this statement could incite communal tension and provoke hostility towards Muslims and Jamaat members.
3695,To The intent is to portray China as a perpetrator of biological warfare.,Could this statement could fuel anti-China sentiment and contribute to negative perceptions of China's actions.
4005,To The intent is to associate the coronavirus with communism and the Chinese government.,Could this statement may foster anti-China sentiment and contribute to negative perceptions of Chinese culture and politics.
2068,To criticize the media for allegedly ignoring the role of Muslims in the Delhi riots and the spread of COVID-19.,Could this statement could provoke communal tensions and reinforce negative stereotypes about Muslims.
569,To The intent is to blame Tablighi Jamaat for spreading COVID-19.,"Could this statement could incite hostility and blame towards the Tablighi Jamaat, potentially leading to communal tension and discrimination."
2890,To The intent is to criticize the perceived inaction and lack of accountability in addressing the issues related to the fake farmer protest.,Could this statement could provoke public outrage against the authorities for their perceived inaction and lack of accountability.
3623,To portray China as a threat to global security and public health.,Could this statement could fuel anti-China sentiment and contribute to negative perceptions of Chinese culture and products.
2881,To The intent is to discredit the farmers' protest by labeling it as a scam and associating it with illegal immigrants.,"Could this statement could incite anti-immigrant sentiment and distrust towards the farmers' protest, potentially leading to communal tension."
945,To The intent is to criticize Zee News for allegedly spreading misinformation about the Tablighi Jamaat.,"Could this statement could incite hostility against Zee News and its coverage of the Tablighi Jamaat, potentially leading to negative perceptions of the network."
4429,To The intent is to criticize the BJP for allegedly not protecting the interests of Muslims in India.,Could this statement implies that the BJP is responsible for the decline of the country and the suffering of its people.
2773,To The intent is to portray the farmers' protest as a false movement orchestrated by the government.,"Could this statement could incite distrust and hostility towards the government and the farmers' protest, potentially leading to increased polarization."
3155,To imply that the community in question is not capable of contributing to peaceful efforts.,"Could this statement implies that the community in question is peaceful and non-disruptive, potentially fostering a positive image."
491,To criticize the Tablighi Jamaat and those who are blaming them for the spread of COVID-19.,"Could this statement could provoke negative sentiment towards Tablighi Jamaat and its followers, potentially leading to communal tension."
3510,To The intent is to mock and belittle the Muslim community by associating them with negative stereotypes.,Could this statement could incite communal tension and promote anti-Muslim sentiment.
2537,To The intent is to discredit and delegitimize the farmers' protest by associating it with Khalistan and Pakistani influence.,"Could this statement could provoke negative sentiment towards the individuals mentioned, potentially leading to communal tension and distrust."
1261,To The intent is to criticize the media and intellectuals for their perceived bias against the Tablighi Jamaat.,"Could this statement may provoke negative sentiment towards the media and intellectuals, suggesting they are biased or untrustworthy."
3257,To mock or ridicule someone by suggesting they are incapable of performing a simple task.,Could this statement mocks the idea of spreading COVID-19 by suggesting that the act of eating papad is a metaphor for such behavior.
1537,To criticize the Delhi CM for not addressing the role of Tablighi Jamaat in spreading COVID-19.,"Could this statement may provoke negative sentiment towards the Tablighi Jamaat and the Delhi CM, potentially leading to communal tension."
3790,To The intent is to associate the Chinese Communist Party with the spread of the coronavirus.,Could this statement may provoke anti-China sentiment and reinforce negative perceptions of the CCP.
1159,To The intent is to criticize Sr Bachchan for not attending gatherings and imply that his actions are responsible for his COVID-19 infection.,"Could this statement implies that Sr Bachchan's actions or inactions contributed to his own infection, potentially undermining his credibility."
3086,To The intent is to portray Muslims as deceitful and dangerous.,Could this statement promotes negative stereotypes and could incite hostility between Hindu and Muslim communities.
4485,"To The intent is to portray Zionists as aggressive and oppressive, seeking global dominance and targeting Muslims and other groups.",Could this statement could incite anti-Zionist sentiment and provoke hostility towards Muslims and supporters of Palestine.
507,To The intent is to blame Tablighi Jamaat for spreading COVID-19.,"Could this statement could incite negative sentiment towards Tablighi Jamaat and its members, potentially leading to communal tension."
394,To The intent is to criticize PTI News for allegedly spreading misinformation about the Tablighi Jamaat.,Could this statement could incite hostility and blame a specific group for the spread of COVID-19.
1095,To associate Tablighi Jamat with the spread of COVID-19 in Uttar Pradesh.,"Could this statement could fuel negative sentiment against Tablighi Jamaat and its followers, potentially leading to communal tension."
2975,"To criticize the film ""Pathaan"" and encourage its boycott.","Could this statement could provoke negative sentiment against the film and its audience, potentially leading to boycotts and criticism."
1376,To criticize Swara Bhasker for misrepresenting the number of Tablighi Jamaat COVID-19 cases.,Could this statement could incite negative sentiment against the Tablighi Jamaat and fuel communal tensions.
3009,"To mock and criticize the film ""Pathaan"" and its cast.","Could this statement could provoke negative sentiment towards the film and its actors, potentially leading to boycotts and criticism."
1768,To The intent is to highlight the disproportionate contribution of Tablighi Jamaat to COVID-19 cases in various states.,"Could this statement could incite negative sentiment against the Tablighi Jamaat and its followers, potentially leading to communal tension."
4270,To portray the Chinese Communist Party as a threat to global peace and stability.,Could this statement could incite anti-China sentiment and provoke diplomatic tensions.
2923,To The intent is to discredit the farmers' protest by labeling them as traitors and terrorists.,Could this statement could provoke negative sentiment against the protesters and potentially incite hostility towards them.
1698,To justify the collection of personal information for health purposes and criticize false reporting.,Could this statement could provoke defensiveness and counter-arguments from those who support the Tablighi Jamaat or are against the stigmatization of its members.
4423,To criticize Swara Bhaskar by suggesting that her actions are insincere or hypocritical.,Could this statement could provoke negative sentiment towards Swara Bhaskar and potentially incite hostility or criticism towards her.
3866,To The intent is to blame the CCP for intentionally spreading the virus.,Could this statement may fuel anti-CCP sentiment and contribute to negative perceptions of the Chinese government.
3941,To The intent is to associate the virus with the Chinese Communist Party.,Could this statement may provoke anti-China sentiment and reinforce negative perceptions of the Chinese government.
4250,To portray China as malicious and responsible for the global spread of the virus.,Could this statement could fuel anti-China sentiment and strain international relations.
3149,To The intent is to criticize and delegitimize the work of blind followers.,Could this statement may provoke defensiveness and reinforce negative stereotypes among followers.
2820,To The intent is to criticize Kejriwal for allegedly supporting divisive and harmful movements.,Could this statement aims to discredit Kejriwal by suggesting he is involved in divisive and damaging political actions.
434,To blame Tablighi Jamaat for the spread of COVID-19 in Delhi.,Could this statement could incite communal tension and blame a specific group for the spread of COVID-19.
2604,To The intent is to portray Muslims as potential threats to non-Muslims.,"Could this statement could incite fear and prejudice against Muslims, potentially leading to communal tension and discrimination."
1581,To The intent is to portray INCIndia as supporting the Tablighi Jamaat in spreading unrest and inciting violence during the pandemic.,"Could this statement could provoke negative sentiment against INCIndia and its supporters, potentially leading to social unrest."
2343,To The intent is to criticize the government for allegedly colluding with Tablighi Jamaat and failing to address their actions.,Could this statement could undermine trust in the government's actions and intelligence capabilities.
1505,To criticize the narrative that blames the Jamaat for spreading COVID-19 and to suggest that the virus affected people from all backgrounds.,Could this statement aims to counteract the narrative of communal bias and promote inclusivity.
1840,To criticize Tablighi Jamaat for their negative actions and impact on society.,"Could this statement could provoke negative sentiment towards Tablighi Jamaat and its members, potentially leading to communal tension."
4405,To The intent is to portray the CCP as untrustworthy and responsible for the bioweapon.,Could this statement may foster distrust and negative sentiment towards the Chinese Communist Party.
4138,To The intent is to associate the virus with the Chinese Communist Party.,Could this statement may provoke anti-China sentiment and reinforce negative perceptions of the Chinese government.
1000,To question the logic behind not holding the Tablighi Jamaat responsible for the spread of COVID-19.,Could this statement may provoke public outrage against Ravish Kumar and the media for perceived bias or inadequate reporting.
4064,To The intent is to portray the CCP as a threat and an enemy that should be destroyed.,Could this statement could incite anti-China sentiment and provoke hostility towards the CCP.
3687,To The intent is to accuse China of intentionally creating the coronavirus.,Could this statement could incite anti-China sentiment and spread misinformation about the origin of the virus.
2771,To The intent is to discredit the farmers' protest by labeling it as fake and politically motivated.,Could this statement aims to delegitimize the protest by labeling it as fake and politically motivated.
2147,"To The intent is to criticize the Maharashtra government for allegedly failing to address Naxalism and corona, and to call for an NIA investigation.",Could this statement could incite distrust and hostility towards the current government and its policies.
1053,To criticize the perception that Muslims are responsible for spreading COVID-19.,Could this statement may fuel communal tensions and reinforce negative stereotypes about Muslims.
2958,To criticize those who boycott the film Pathaan.,"Could this statement may provoke negative sentiment against those who boycott the film, potentially leading to social division."
1718,To criticize the notion that the Jamaat is solely responsible for the spread of COVID-19.,Could this statement may provoke communal tensions and reinforce negative stereotypes about the Jamaat.
157,To The intent is to blame Tablighi Jamaat members for spreading COVID-19.,Could this statement could incite negative sentiment against the Tablighi Jamaat and its members.
2459,To The intent is to suggest that the incident was misrepresented or misunderstood.,"Could this statement suggests that the video has clarified or exposed the truth about the incident, potentially influencing public perception."
4502,To The intent is to portray Muslims as a threat to India's security and promote anti-Muslim sentiment.,Could this statement may incite anti-Muslim sentiment and promote discrimination against Muslims in India.
3504,To The intent is to criticize media for not reporting on attacks against a peaceful community.,"Could this statement may provoke anti-media sentiment and suggest that media outlets are biased or fearful, potentially undermining their credibility."
644,To The intent is to blame the Jamaat for spreading COVID-19 by suggesting they are doing so through donations.,Could this statement could incite hostility and reinforce negative stereotypes against the Tablighi Jamaat.
3318,To The intent is to criticize Modi by suggesting that he should take action against the Chief Minister of Tamil Nadu.,"Could this statement implies that the Chief Minister of Tamil Nadu is incompetent and ineffective, potentially undermining their authority and credibility."
2182,To The intent is to criticize and blame Muslims for supporting Tablighi Jamaat.,Could this statement may provoke anti-Muslim sentiment and reinforce negative stereotypes about Muslims.
2531,To The intent is to portray Modi as being influenced by or supporting Khalistan supporters and Pakistan.,"Could this statement could provoke negative sentiment towards Modi and the government, potentially leading to increased political tension."
3703,To The intent is to portray the Chinese Communist Party as a threat to global safety.,Could this statement may foster negative perceptions and hostility towards China and its government.
1651,To praise the Tablighi Jamaat for their positive contribution to society through blood donation.,Could this statement could counteract negative stereotypes and promote positive perceptions of the Tablighi Jamaat.
995,To The intent is to blame a specific group for spreading COVID-19 in India.,"Could this statement could provoke negative sentiment towards the mentioned groups and individuals, potentially leading to further division and hostility."
3584,To The intent is to portray the Bangladeshi army as aggressive and uninterested in peace.,Could this statement could incite anti-Bangladeshi sentiment and provoke hostility towards the Bangladeshi government.
1282,To criticize the news channel for allegedly defending the government and not addressing the group responsible for spreading COVID-19 in Gujarat.,"Could this statement could provoke defensiveness and hostility towards the person, potentially leading to further division and conflict."
331,To The intent is to mock or criticize the person for attending gatherings during the pandemic.,Could this statement implies that attending gatherings is a risky behavior that could lead to contracting COVID-19.
2222,To The intent is to portray Tablighi Jamaat as responsible for the majority of COVID-19 cases and to criticize those who defend them.,Could this statement may incite communal tension and reinforce negative stereotypes about Tablighi Jamaat and Muslims.
1565,To The intent is to criticize Congress for allegedly prioritizing its vote bank over national interests.,"Could this statement could incite distrust and negative sentiment towards Congress and its supporters, potentially affecting their political reputation."
4035,To The intent is to portray the CCP as harmful and destructive.,Could this statement could incite hostility and negative perceptions towards the CCP.
3658,To The intent is to blame China for the origin of the virus.,Could this statement may fuel anti-China sentiment and justify negative actions against China.
228,To The intent is to blame Tablighi Jamaat for the spread of COVID-19.,Could this statement could incite anti-Tablighi sentiment and contribute to communal tensions.
1877,To criticize Babita Phogat for allegedly showing bias against Muslims and for not speaking out against other incidents.,Could this statement could provoke negative sentiment against Babita Phogat and fuel communal tensions.
4456,"To The intent is to criticize a political party for allegedly targeting Muslims, Christians, and Hindus based on their religious identity.",Could this statement may incite communal tension and promote distrust towards the political party mentioned.
4018,"To The intent is to associate the coronavirus with China, implying blame or responsibility.",Could this statement may fuel anti-China sentiment and contribute to negative perceptions of China.
1361,To question the credibility of the allegations against the Jamaat and suggest that the Namaste Trump event was a greater source of COVID-19 spread.,Could this statement aims to undermine the credibility of the opposition and suggest that they are biased or misinformed.
1114,To criticize the Gujarat government for its handling of the Trump gathering and its contribution to the spread of COVID-19.,Could this statement could undermine the credibility of the Gujarat government and provoke public dissatisfaction with its handling of the pandemic.
4063,To The intent is to suggest that China is engaging in a deliberate and malicious global strategy.,Could this statement could fuel anti-China sentiment and distrust among global communities.
4189,"To The intent is to blame China for the virus by labeling it as the ""China Virus.",Could this statement may fuel anti-China sentiment and contribute to a climate of xenophobia and distrust towards Chinese people and products.
1205,To The intent is to criticize and blame Tablighi Jamaat for spreading COVID-19.,"Could this statement could incite hostility and discrimination against Tablighi Jamaat members, potentially leading to communal tension."
3935,To The intent is to insult China by associating it with the flu.,Could this statement may incite anti-China sentiment and spread misinformation.
756,To The intent is to criticize Patil for allegedly spreading COVID-19 and implicate the BJP.,"Could this statement could incite negative sentiment against the BJP and its leaders, potentially leading to political and social unrest."
519,To The intent is to criticize Swara for her previous statements and imply that she lacks intelligence.,"Could this statement may provoke negative sentiment towards Tablighi Jamaat and its followers, potentially leading to communal tension."
3133,To portray Muslims as deceitful and manipulative in their religious practices.,"Could this statement may incite hostility and reinforce negative stereotypes against Muslims, potentially leading to communal tension."
33,To mock and criticize Rahul Gandhi by sarcastically suggesting that he is incompetent in finding a coronavirus vaccine.,Could this statement could provoke negative sentiment towards Rahul Gandhi and undermine his credibility.
2426,To criticize Tablighi Jamaat for spreading COVID-19 and imply that they are responsible for the pandemic's impact.,Could this statement may provoke anti-Tablighi sentiment and reinforce communal divides.
1489,To criticize the government for not taking sufficient action against the Tablighi Jamaat and its perceived role in spreading COVID-19.,"Could this statement could incite fear and urgency among the public, potentially leading to increased support for strict measures against the Jamaat."
2438,To criticize the community for not taking responsibility for the spread of COVID-19 and for not providing support to the poor.,Could this statement implies that the community is responsible for the spread of COVID-19 and suggests that they are not contributing positively to society.
2845,To The intent is to discredit the farmers' protest by associating it with a violent and unlawful act.,Could this statement could incite public outrage and fuel distrust towards the authorities and the protest.
2684,To The intent is to portray Muslims as responsible for various violent incidents.,Could this statement could incite communal tension and reinforce negative stereotypes about Muslims.
1187,To criticize the media for allegedly showing bias towards Tablighi Jamaat and question their journalistic integrity.,"Could this statement suggests that the media is biased and not providing objective reporting, potentially undermining their credibility."
1019,To blame the Tablighi Jamaat for the spread of COVID-19 in India.,"Could this statement could incite negative sentiment against the Tablighi Jamaat and the Gujarat government, potentially leading to communal tensions."
745,To blame Tablighi Jamaat for spreading COVID-19 and to counter the argument that Muslims are not responsible for the pandemic.,Could this statement could incite communal tension and reinforce negative stereotypes about Muslims.
734,To criticize the government for not taking action against the Tablighi Jamaat.,Could this statement may provoke public outrage against the government for perceived inaction and could lead to increased support for stricter measures against the Tablighi Jamaat.
1035,To criticize the media and public for politicizing the pandemic and spreading divisive rhetoric.,Could this statement may provoke anti-Tablighi sentiment and reinforce communal biases.
4113,To The intent is to blame China for the origin of the virus.,Could this statement could provoke anti-China sentiment and reinforce negative stereotypes.
3755,To The intent is to mock and delegitimize the CCP by suggesting a pattern of naming viruses after it.,Could this statement may fuel anti-China sentiment and contribute to negative perceptions of the Chinese Communist Party.
2742,To discredit the farmers' protest by labeling it as fake and insinuate that it is not genuine.,Could this statement could incite hostility and undermine the legitimacy of the farmers' protest.
2851,To The intent is to criticize and delegitimize the farmers' protest by labeling it as fake and non-essential.,"Could this statement could incite distrust and skepticism towards the farmers' protest, potentially undermining its legitimacy and support."
795,To associate the group with the spread of COVID-19.,Could this statement could incite communal tension and reinforce negative stereotypes about the Tablighi Jamaat.
1002,To The intent is to mock and blame Tablighi Jamaat for spreading COVID-19.,"Could this statement promotes fear and discrimination against Tablighi Jamaat members, potentially leading to social stigmatization and communal tension."
1339,To suggest that the Jamaat is responsible for spreading COVID-19.,"Could this statement could incite hostility and reinforce negative stereotypes against the Jamaat, potentially leading to communal tension."
2097,To The intent is to criticize Tablighi Jamaat and its followers for opposing their views.,Could this statement may incite hostility and perpetuate negative stereotypes against Tablighi Jamaat and its followers.
1456,"To The intent is to portray the religious group as irresponsible and harmful, suggesting they should be kept separate from the rest of society.",Could this statement promotes discrimination and encourages hostility towards the religious group mentioned.
2804,To criticize the opposition for misrepresenting the farmers' protest as Khalistani.,"Could this statement could provoke a defensive reaction from the audience, potentially escalating tensions and reinforcing negative perceptions of the mentioned individuals."
784,To criticize the government's decision to promote students.,Could this statement could provoke opposition and fuel criticism against the government's policies and decisions.
3634,"To The intent is to accuse China of deception and conspiracy, particularly in relation to the COVID-19 pandemic and the treatment of Uyghurs.","Could this statement may fuel anti-China sentiment and distrust towards Western nations, potentially escalating tensions."
4323,To The intent is to portray China as a harmful and dangerous entity to humanity.,"Could this statement may foster negative perceptions and hostility towards China, potentially influencing public opinion and policy."
4161,To The intent is to blame China for spreading a global pandemic.,Could this statement may fuel anti-China sentiment and influence public opinion against Chinese products.
4495,To The intent is to portray Pakistan as a threat to Hindu minorities in Bangladesh.,Could this statement may incite anti-Pakistan sentiment and promote negative perceptions of Bangladeshi Muslims.
230,To blame Tablighi Jamaat for spreading COVID-19.,"Could this statement may incite negative sentiment towards Tablighi Jamaat and its followers, potentially leading to communal tension."
858,To The intent is to criticize Alok Ajay for defaming the Tablighi Jamaat and accuse him of being ignorant about the spread of COVID-19.,"Could this statement could provoke hostility and defensiveness among those who support the Tablighi Jamaat, potentially escalating communal tensions."
2501,To The intent is to portray Nehru as a traitor who betrayed the country.,Could this statement aims to delegitimize the Congress and its supporters by associating them with traitorous actions and fake movements.
2089,To criticize the group for not supporting healthcare workers and for hypocrisy.,"Could this statement may undermine the credibility of the person or group making the claim, suggesting hypocrisy or insincerity."
1895,To criticize the perceived double standard in how different groups are treated during the pandemic.,"Could this statement suggests a double standard in the treatment of different groups, potentially fueling public resentment and distrust towards the authorities."
409,To The intent is to criticize the perceived unfair blame placed on Tablighi Jamaat for the spread of COVID-19.,Could this statement may incite negative sentiment against Tablighi Jamaat and its followers.
171,To The intent is to blame Tablighi Jamaat for the spread of COVID-19.,Could this statement may incite negative sentiment against the Tablighi Jamaat and its followers.
541,To The intent is to mock and blame Tablighi Jamaat for spreading COVID-19.,"Could this statement could incite hostility and spread misinformation about the Tablighi Jamaat, potentially leading to communal tension."
2196,To blame Tablighi Jamaat for the spread of COVID-19 and to discredit their actions.,Could this statement could incite anti-Tablighi sentiment and reinforce negative stereotypes about the group.
1685,To The intent is to blame Tablighi Jamaat for the spread of COVID-19.,Could this statement could incite anti-Tablighi sentiment and contribute to communal tensions.
4179,To The intent is to blame China for the spread of COVID-19 and suggest financial repercussions.,Could this statement may incite anti-Chinese sentiment and hostility towards Chinese nationals or businesses.
2927,To The intent is to portray the farmers' protest as being influenced or controlled by Khalistani terrorists.,"Could this statement could incite distrust and hostility towards the farmers' protest, potentially undermining its legitimacy."
2657,To The intent is to criticize the perceived intentional actions of a group or authority to degrade the country's status.,"Could this statement may incite distrust and fear among the public, leading to negative perceptions of the government's actions."
1480,To The intent is to mock and criticize the person for not being aware of their mother's actions.,"Could this statement implies that the person's mother is hiding information about her exposure to the gathering and the subsequent illness, suggesting a lack of trust or concern."
1069,To The intent is to blame ignorant people for the increase in corona cases.,"Could this statement may incite blame and hostility towards the group mentioned, potentially leading to communal tension."
1733,To The intent is to criticize the Tablighi Jamaat for not contributing to global efforts against the coronavirus.,Could this statement may fuel communal tensions and reinforce negative stereotypes about the Tablighi Jamaat.
2837,To The intent is to criticize the coalition government for allegedly ineffectively handling the farmers' protest.,Could this statement could undermine the credibility of the protest and suggest that the government's actions are insufficient or ineffective.
2003,To The intent is to criticize the Tablighi Jamaat for knowingly spreading COVID-19 by inviting international attendees.,Could this statement could fuel negative perceptions and blame the congregation for contributing to the spread of COVID-19.
1974,To The intent is to criticize Maulana Saad for allegedly not supporting the Tablighi Jamaat during the pandemic.,Could this statement suggests that Maulana Saad is being hypocritical and could undermine his credibility.
3401,To portray Islamists as a threat to Hindu communities.,"Could this statement may incite fear and hostility towards Muslims, potentially leading to communal tension and violence."
3976,"To The intent is to mockingly label the coronavirus as a new, dangerous flu originating from China.",Could this statement may incite anti-Chinese sentiment and contribute to a climate of xenophobia and racism.
4340,To The intent is to blame China for causing harm to people worldwide.,Could this statement may incite anti-China sentiment and strain international relations.
3938,"To The intent is to portray Chinese culture as inherently racist and communist, and to provoke anger and frustration among listeners.","Could this statement could incite anti-Chinese sentiment and perpetuate negative stereotypes, potentially leading to increased discrimination and hostility towards Chinese people."
3084,To The intent is to accuse Sudhir Chaudhary of being involved in a conspiracy related to Rs 2000 notes with nano GPS chips.,"Could this statement could provoke anger and distrust towards Sudhir Chaudhary and his father, potentially damaging their reputation."
677,To criticize the Jamaat for not taking precautions against COVID-19.,Could this statement could undermine the credibility of the person mentioned and suggest that they are not taking the pandemic seriously.
912,To blame Tablighi Jamaat for the initial spread of COVID-19 in Delhi.,Could this statement could fuel communal tensions and blame a specific group for the spread of COVID-19.
2079,To The intent is to criticize the gatherings for lacking safety measures and potentially spreading COVID-19.,Could this statement could provoke negative sentiment against the gatherings and potentially incite hostility towards the attendees.
3969,"To The intent is to mock or ridicule China by referring to the coronavirus as the ""Kung-Flu.",Could this statement may provoke anti-China sentiment and spread misinformation about the origin of the virus.
1045,To question the authenticity of the text's origin.,Could this statement may undermine the credibility of the speaker or the source.
3860,To The intent is to express anger and desire for violent action against the government and its leader.,Could this statement could incite violence and promote anti-government sentiment.
44,To The intent is to insult and demean TajinderBagga by comparing him to a virus.,"Could this statement could provoke hostility and negative perceptions towards the user, potentially leading to a backlash or defensive reactions."
565,To blame the Tablighi Jamaat for the spread of COVID-19.,"Could this statement could incite negative sentiment against the Tablighi Jamaat and its followers, potentially leading to communal tension."
