Index,Intent,Implication
2406,To The intent is to discredit AAP by accusing them of spreading misinformation.,"Could this statement may provoke negative sentiment against AAP and the Tablighi Jamaat, potentially inciting communal tension."
961,To The intent is to blame Muslims for spreading COVID-19 in India.,Could this statement may provoke anti-Muslim sentiment and reinforce negative stereotypes about the community.
3332,To The intent is to stereotype and mock people from Bihar.,Could this statement may provoke negative stereotypes and reinforce regional biases.
2352,To The intent is to criticize Guttajwala for making the issue religious and communal.,Could this statement may provoke further debate and potentially reinforce communal narratives.
3525,To portray Islam as a religion that promotes violence against minorities.,Could this statement may incite fear and distrust towards Muslims among the audience.
4032,To The intent is to associate China with the origin of the virus and portray it as a source of global harm.,Could this statement may provoke anti-China sentiment and reinforce negative stereotypes.
2810,To The intent is to discredit the farmers' protest by labeling them as fake.,Could this statement may provoke negative sentiment towards Sanjay Azad and undermine his credibility.
2043,To The intent is to blame Tablighi Jamaat for spreading the coronavirus.,Could this statement may provoke anti-Tablighi sentiment and fuel communal tensions.
1771,To criticize ZeeNews for allegedly downplaying the risks posed by the Tablighi Jamaat.,"Could this statement may provoke negative sentiment towards ZeeNews and its reporting, suggesting bias or negligence."
3107,To The intent is to express hostility and hatred towards Muslim girls.,Could this statement may incite communal tension and provoke hostility towards Muslims.
4226,To The intent is to portray China as a threat with advanced biological weapons.,"Could this statement could incite fear and distrust towards China, potentially leading to anti-China sentiment."
872,To The intent is to blame Tablighi Jamaat for spreading COVID-19.,Could this statement could provoke negative sentiment against Tablighi Jamaat and its followers.
1171,To question the narrative that solely blames Tablighi Jamaat for the spread of COVID-19 in India.,Could this statement may provoke debate and challenge the narrative that solely blames Tablighi Jamaat for the pandemic's spread.
1188,To The intent is to criticize Maulana Saad by questioning his ability to help during a pandemic.,Could this statement may provoke negative sentiment against Maulana Saad and the Tablighi Jamaat.
180,To The intent is to blame Tablighi Jamaat for spreading COVID-19 in India.,Could this statement may provoke hostility or resentment towards the Tablighi Jamaat and its followers.
2723,To portray the farmers' protest as a conspiracy involving fake farmers.,Could this statement may undermine public support for the farmers and portray them as ungrateful or manipulative.
1879,To highlight perceived bias in the media's portrayal of the Tablighi Jamaat incident.,Could this statement may provoke discussions about the fairness of accusations and highlight perceived biases in media narratives.
2005,To blame Tablighi Jamaat for spreading COVID-19 in India.,Could this statement may fuel communal tensions and provoke negative sentiment against Tablighi Jamaat members.
1965,To The intent is to accuse Tablighi Jamaat of spreading COVID-19 and to question the government's actions.,Could this statement may provoke negative sentiment towards Tablighi Jamaat and its followers.
458,To The intent is to blame Tablighi Jamaat for spreading the coronavirus.,Could this statement may provoke negative sentiment towards Tablighi Jamaat and its followers.
882,To The intent is to blame Tablighi Jamaat for spreading the coronavirus and to question the loyalty or actions of their father.,Could this statement may provoke hostility or resentment towards Tablighi Jamaat members and their supporters.
1190,To The intent is to criticize the media and public for unfairly blaming Tablighi Jamaat for spreading COVID-19.,Could this statement may provoke negative sentiment towards Tablighi Jamaat and its followers.
1427,To The intent is to criticize the perceived bias in media coverage by highlighting selective attention to certain events.,Could this statement may provoke negative sentiments against Muslims and reinforce communal stereotypes.
1514,To The intent is to portray Tablighi Jamaat members as responsible for spreading the coronavirus.,Could this statement may provoke hostility towards Tablighi Jamaat members and incite communal tension.
946,To The intent is to question the credibility of media reports and suggest bias against Tablighi Jamaat.,Could this statement may provoke negative sentiment towards Tablighi Jamaat and its followers.
1617,To criticize the government for mishandling the COVID-19 situation.,"Could this statement aims to provoke criticism against the government and its leaders, potentially undermining their credibility."
4320,To The intent is to advocate for the removal of China from the global map.,Could this statement could incite hostility and promote aggressive sentiments towards China.
1666,To portray the opposition as conspiring against Modi by using gatherings to tarnish his image.,Could this statement may fuel negative perceptions of the opposition and undermine their credibility.
3899,To The intent is to blame the Chinese Communist Party for the spread of the virus.,Could this statement may provoke anti-China sentiment and reinforce negative perceptions of the CCP.
4510,To portray Islam as a force that imposes itself on other communities.,Could this statement may provoke anti-Islamic sentiment and reinforce negative stereotypes about Muslims.
4259,To The intent is to portray COVID-19 as a beneficial agent that eliminates undesirable elements.,"Could this statement may provoke negative sentiments towards those perceived as ""garbage"" and promote harmful stereotypes."
2690,To The intent is to accuse Chandain Kumar of funding fake protests and engaging in political funding.,Could this statement may fuel distrust and animosity towards the mentioned individuals and groups.
4184,To The intent is to blame the Chinese Communist Party for the spread of the virus.,Could this statement may provoke anti-China sentiment and reinforce negative perceptions of the Chinese government.
3436,To The intent is to promote the idea that Hindus should have special privileges or rights.,Could this statement may incite communal tensions and provoke hostility towards non-Hindu communities.
30,To portray China as a threat to global stability and America as a manipulator.,Could this statement could fuel anti-China sentiment and provoke hostility towards China and India.
4329,To The intent is to blame China for the origin of the virus and associate it with death.,Could this statement may fuel anti-China sentiment and contribute to negative perceptions of China.
200,To The intent is to associate Tablighi Jamaat with the spread of COVID-19.,Could this statement may fuel negative perceptions and stigmatization of Tablighi Jamaat members.
3537,To criticize the Indian government for its perceived inaction or lack of decisive action.,Could this statement may provoke anti-government sentiment and encourage criticism of the Indian government's response.
3090,To The intent is to portray interfaith relationships as a form of manipulation or deception.,Could this statement may provoke hostility and reinforce negative stereotypes about interfaith relationships.
2017,To The intent is to blame Tablighi Jamaat for spreading COVID-19 across India.,Could this statement may provoke negative sentiment towards Tablighi Jamaat and its followers.
2283,To The intent is to criticize Kajri Lal for allegedly gathering a group that led to the spread of COVID-19.,"Could this statement could provoke negative sentiment towards Kajri Lal and her supporters, potentially inciting communal or political tensions."
1118,To criticize Kejriwal for allegedly prioritizing Tablighi Jamaat in COVID-19 statistics.,Could this statement may undermine Kejriwal's credibility and provoke negative sentiment towards him.
3894,To The intent is to blame China for the spread of the virus.,Could this statement may fuel anti-China sentiment and provoke hostility towards China.
2728,To The intent is to discredit the farmers' protest by labeling it as fake.,Could this statement may undermine the credibility of the protest and diminish public support for the farmers' cause.
1129,To The intent is to criticize and mock the individuals for their actions or decisions.,Could this statement may provoke negative sentiment towards Tablighi Jamaat and its followers.
3618,To portray China and its people as inherently negative and aggressive.,Could this statement may fuel anti-China sentiment and contribute to negative perceptions of Chinese people.
2111,To criticize Anjana Om Kashyap for allegedly spreading misinformation and unfairly blaming Muslims.,"Could this statement may provoke negative sentiment against Muslims and the Tablighi Jamaat, potentially fueling communal tensions."
1619,To The intent is to blame Tablighi Jamaat for the spread of COVID-19 in Gujarat.,"Could this statement could provoke negative sentiment against Tablighi Jamaat and its followers, potentially inciting communal tension."
1566,"To question the government's handling of the coronavirus spread, particularly regarding the Jamaat guests.","Could this statement may provoke negative sentiment against the Jamaat and its followers, potentially fueling communal tensions."
2315,To The intent is to criticize the media for spreading misinformation and targeting Tablighi Jamaat members.,Could this statement may provoke anti-Tablighi sentiment and fuel communal tensions.
1784,To criticize Javed Akhtar for allegedly defending Tablighi Jamaat and for not supporting medical efforts.,"Could this statement may provoke negative sentiment towards Tablighi Jamaat and its followers, potentially inciting communal tension."
622,To The intent is to portray immigrants and Tablighi Jamaat as threats to public health.,"Could this statement may provoke negative sentiments against immigrants and Tablighi Jamaat, potentially inciting communal tension."
4527,To portray Muslims as a threat to society by associating them with religious conversion and violence.,Could this statement may provoke anti-Muslim sentiment and reinforce negative stereotypes about Islam.
4511,To The intent is to equate the actions of Nazis with the current situation.,"Could this statement may provoke fear and hostility towards the group being compared, potentially inciting negative sentiment."
3743,"To The intent is to blame China for the COVID-19 pandemic by labeling it as a ""China Virus.",Could this statement may fuel anti-China sentiment and provoke hostility towards China.
4106,To The intent is to portray Xi Jinping as a villain and advocate for his removal.,Could this statement promotes anti-communist sentiment and could incite hostility towards Chinese leadership.
3960,To The intent is to blame the Chinese Communist Party for the spread of the virus.,Could this statement may provoke anti-China sentiment and reinforce negative perceptions of the CCP.
4249,To portray the CCP as a threat to global peace and stability.,Could this statement could incite anti-China sentiment and provoke hostility towards the CCP.
863,To criticize the media for biased reporting on the Jamaat during the pandemic.,Could this statement suggests that the media's actions were inappropriate and could damage their credibility.
2776,To discredit the farmers' protest by suggesting it is not genuine or representative.,Could this statement may undermine the credibility of the protest and diminish support for the farmers' cause.
3534,To portray Islam as a divisive and aggressive religion that seeks to expand its influence.,Could this statement may incite communal tensions and provoke anti-Islamist sentiment among Hindus.
2424,To The intent is to criticize Modi for allegedly exacerbating the COVID-19 situation.,Could this statement may provoke negative sentiment towards Modi and undermine his reputation.
4288,To The intent is to accuse China of intentionally spreading COVID-19 as a bioweapon.,"Could this statement may fuel distrust and hostility towards China, potentially affecting diplomatic relations and international cooperation."
3096,"To The intent is to criticize and mock the concept of ""love jihad"" by suggesting it is a false narrative.",Could this statement may provoke anger and reinforce negative stereotypes about Muslims.
2098,To criticize Tablighi Jamaat for allegedly spreading COVID-19 while highlighting the government's efforts to ensure safety.,Could this statement may provoke negative sentiment towards Tablighi Jamaat and its followers.
4349,To portray China as a threat and advocate for global sanctions against it.,Could this statement may incite anti-China sentiment and encourage countries to take aggressive actions against China.
4231,To portray China as a malicious actor involved in the development of a bioweapon.,Could this statement may fuel anti-China sentiment and distrust among the public.
1293,To The intent is to blame Tablighi Jamaat for the increase in COVID-19 cases in India.,Could this statement may provoke hostility and communal tension against Tablighi Jamaat members.
2660,To The intent is to portray Muslims as a threat to India's infrastructure and unity.,Could this statement may incite communal tensions and promote division between Hindus and Muslims.
416,To The intent is to blame Tablighi Jamaat for spreading the coronavirus.,Could this statement may provoke negative sentiment towards Tablighi Jamaat and its followers.
2834,To criticize Ajit Anjum for allegedly prioritizing Congress-related issues over addressing violence against Hindus.,Could this statement aims to discredit Ajit Anjum and Congress by suggesting they prioritize certain issues over others.
158,To The intent is to question the motives of individuals from the group in Markaz.,Could this statement may provoke negative sentiment towards the group and reinforce stereotypes.
2484,To The intent is to suggest that the farmers' protest is being manipulated to remove opposition figures.,Could this statement may fuel distrust and suspicion among the public regarding the motives behind the farmers' protest.
3047,To criticize Modi for failing to protect Adani from market forces.,Could suggests that Modi's support for Adani was insufficient to protect the company from market forces.
1421,To accuse Arvind Kejriwal of spreading COVID-19 by associating him with Tablighi Jamaat.,"Could this statement may provoke hostility and division between different communities, potentially fueling communal tensions."
3371,To portray the Muslim League as responsible for Bangladesh's separation from India and blame them for targeting Hindus.,Could this statement may fuel communal tensions and provoke anti-Muslim sentiment among Hindus.
3454,To The intent is to promote anti-Muslim sentiment and incite hostility against Muslims in Nepal.,Could this statement could incite hostility and discrimination against Muslims in Nepal.
2390,To highlight the differences in COVID-19 testing and case reporting between India and Pakistan.,Could this statement may provoke negative sentiments against Pakistan and its people.
3215,To The intent is to criticize and shame the Modi government for alleged wrongdoing.,Could this statement may provoke anger and resentment towards the Modi government among the public.
1958,To portray Tablighi Jamaat as a threat to public safety by equating them with suicide bombers.,Could this statement could incite communal tension and provoke hostility towards the Tablighi Jamaat and its supporters.
4406,To portray China as a threat to humanity's survival.,"Could this statement could incite fear and hostility towards China, potentially fueling anti-China sentiment."
152,To The intent is to question the categorization or labeling of COVID-19 cases.,Could this statement may provoke negative sentiment towards ZeeNews and its staff.
2818,To The intent is to mock and discredit the farmers' protest by labeling it as fake.,Could this statement aims to delegitimize the protest and provoke negative sentiment against the protesters.
599,To The intent is to imply that Sambit Patra is associated with or aligned with Tablighi Saad.,Could this statement may provoke negative sentiment towards Tablighi Jamaat and its followers.
1162,To The intent is to blame the Muslim community for the spread of coronavirus.,Could this statement may provoke communal tensions and reinforce negative stereotypes about the Muslim community.
1256,To The intent is to blame Tablighi Jamaat for spreading the coronavirus.,Could this statement may provoke negative sentiment towards Muslims and reinforce communal stereotypes.
2064,To criticize those defending Tablighi Jamaat members by questioning their motives.,Could this statement may provoke negative sentiment against the Tablighi Jamaat and its followers.
1788,To The intent is to mock and discredit the journalist by questioning their credibility.,Could this statement aims to discredit the media by suggesting they are biased and spreading misinformation.
978,To The intent is to criticize and mock Rajat Sharma for allegedly defending the Tablighi Jamaat.,"Could this statement could provoke hostility towards Tablighi Jamaat and its followers, potentially inciting communal tension."
3815,To The intent is to associate the virus with China and promote anti-China sentiment.,"Could this statement promotes xenophobia and stigmatizes Chinese people, potentially leading to discrimination."
1821,To criticize the media for biased reporting and influence on public opinion.,"Could this statement aims to discredit the media and provoke a reaction from the community, potentially fueling communal tensions."
4367,To associate the virus with China by using a colloquial term.,Could this statement may provoke anti-China sentiment and reinforce negative stereotypes.
1613,To portray Tablighi Jamaat as a group that spreads misinformation and engages in harmful activities.,Could this statement could incite negative sentiment and provoke hostility towards Tablighi Jamaat members.
2650,To The intent is to portray the Rohingyas as engaging in a jihad scheme.,Could this statement may provoke anti-Rohingya sentiment and reinforce negative stereotypes.
253,To The intent is to highlight the perceived difference between local and foreign missionaries in relation to the spread of COVID-19.,Could this statement may provoke negative sentiment towards foreign missionaries and reinforce communal tensions.
415,To The intent is to highlight the disproportionate number of coronavirus cases linked to the congregation.,Could this statement may provoke negative sentiment against the congregation and its members.
585,To challenge the narrative that the Tablighi Jamaat is solely responsible for spreading the coronavirus.,Could this statement may provoke negative sentiment towards Tablighi Jamaat and promote communal tension.
656,To The intent is to criticize and blame a specific group for contributing significantly to the spread of COVID-19 in India.,Could this statement may provoke negative sentiment towards the group and reinforce stereotypes.
2306,To The intent is to discredit the narrative that Tablighi Jamaat was responsible for spreading COVID-19.,Could this statement may fuel anti-Modi sentiment and undermine public trust in the government.
832,To The intent is to criticize the congregation for not taking proper precautions against COVID-19.,Could this statement may provoke negative sentiment towards the congregation and undermine their religious practices.
1165,To The intent is to mock and blame Tablighi Jamaat for spreading COVID-19.,Could this statement may provoke negative sentiment towards Tablighi Jamaat and its followers.
4097,To The intent is to blame the Chinese Communist Party for the spread of the virus.,Could this statement may provoke anti-China sentiment and reinforce negative perceptions of the CCP.
2237,To portray Tablighi Jamaat as responsible for spreading COVID-19 and equate them with terrorists.,"Could this statement may provoke hostility towards Tablighi Jamaat and its followers, potentially inciting communal tension."
1147,To criticize and highlight perceived hypocrisy in the community's selective attention.,Could this statement may provoke communal tensions and reinforce negative stereotypes about the community.
9,To The intent is to blame China for causing job losses due to the coronavirus.,Could this statement may provoke anger and resentment towards China among the audience.
2722,To The intent is to discredit the farmers' protest by labeling it as fake and suggesting it has harmed reputations.,Could this statement may undermine the credibility of the farmers' protest and diminish public support for their cause.
24,To The intent is to criticize Mahindra for importing parts from China and question the government's efforts to become self-reliant.,Could this statement could incite anti-China sentiment and influence consumer behavior against Mahindra vehicles.
1269,To The intent is to portray Tablighi Jamaat as responsible for spreading the coronavirus and to associate jihadis with acts of terrorism.,"Could this statement may provoke negative sentiment towards Tablighi Jamaat and its followers, potentially fueling communal tensions."
752,To The intent is to portray both Tablighi Jamaat and RSS members as traitors and to incite social boycott against them.,Could this statement could incite communal tension and provoke hostility towards both groups.
2241,To portray Tablighi Jamaat as a source of shame and disgrace.,Could this statement may provoke negative sentiment towards Tablighi Jamaat and its followers.
2168,To The intent is to criticize the government for not properly screening travelers at airports.,Could this statement may provoke negative sentiment towards the Tablighi Jamaat and its followers.
2379,To portray Tablighi Jamaat members as terrorists and blame them for spreading COVID-19.,"Could this statement may provoke negative sentiment against Tablighi Jamaat and its followers, potentially inciting communal tension."
351,To The intent is to portray Tablighi Jamaat and the user as enemies of the country.,Could this statement may incite hostility and prejudice against Tablighi Jamaat members and individuals associated with the group.
2969,"To The intent is to portray Shahrukh Khan as disrespectful to Hindus by naming his movie ""Jawan.","Could this statement aims to incite collective action against the movie, potentially affecting its box office performance."
2911,To The intent is to criticize Modi for allegedly supporting Adani and dismissing the farmers' protests.,Could this statement may undermine Modi's credibility and provoke criticism against his government.
1922,To criticize Kejriwal for allegedly spreading COVID-19 in Delhi.,"Could this statement could incite negative sentiment against Kejriwal and his policies, potentially affecting his political standing."
1695,To The intent is to hold Tablighi Jamaat accountable for spreading COVID-19 and causing harm to the country.,Could this statement may incite anti-Tablighi sentiment and provoke hostility towards the group.
34,To criticize China for concealing information about casualties and media control.,Could this statement may fuel distrust and negative perceptions of China among the audience.
651,To question Sambit Patra's connection to Tablighi Jamaat and suggest he may have contracted COVID-19 independently.,Could this statement may provoke suspicion or distrust towards Sambit Patra and potentially fuel negative perceptions about Tablighi Jamaat.
3631,To The intent is to portray the situation as a global conflict.,"Could this statement may provoke fear and anxiety among the public, potentially inciting anti-China sentiment and increasing tensions."
1747,To criticize the media for using the coronavirus to spread communal hate.,Could suggests that media coverage contributed to communal tensions and misinformation.
531,To criticize the selective reporting of COVID-19 cases by highlighting bias against Tablighi Jamaat.,Could this statement may provoke negative sentiment towards Tablighi Jamaat and its followers.
1908,To criticize the political party for prioritizing vote banks over national interests.,"Could this statement may provoke negative sentiment towards the political party and its leaders, suggesting they are opportunistic and self-serving."
1616,To criticize Rubika Liyaquat for spreading hatred and divisiveness.,Could this statement aims to counteract communal narratives and promote unity against the pandemic.
4221,To The intent is to blame China for the spread of COVID-19.,Could this statement may fuel anti-China sentiment and provoke hostility towards China.
3704,To The intent is to portray China as retaliating against the US for economic measures.,Could this statement may fuel anti-China sentiment and reinforce narratives of China as a malicious actor.
3876,To The intent is to portray Western politicians as harmful or threatening.,Could this statement may provoke anti-Western sentiment and incite hostility towards Western politicians.
2074,To The intent is to portray Tablighi Jamaat as a threat and to blame them for spreading the coronavirus.,Could this statement could provoke hostility and reinforce negative stereotypes about Tablighi Jamaat and its followers.
417,To blame Tablighi Jamaat for the spread of coronavirus in India.,Could this statement may fuel negative sentiment and stigmatization against the Tablighi Jamaat.
1506,To The intent is to portray Tablighi Jamaat members as irresponsible or harmful.,Could this statement may provoke negative sentiment towards Tablighi Jamaat and its followers.
3320,To The intent is to criticize Tejaswi Yadav for celebrating with a Tamil party while a Bihari was beaten.,Could this statement may provoke negative sentiment towards Tejaswi Yadav and the Tamil party.
4102,To associate the coronavirus with the Chinese Communist Party.,Could this statement may provoke anti-China sentiment and reinforce negative perceptions of the CCP.
2120,To The intent is to criticize the Tablighi Jamaat for allegedly spreading COVID-19 and to question their legitimacy.,"Could this statement may provoke hostility towards the Jamaat and its supporters, potentially inciting communal tension."
2790,To criticize Modi by portraying him as a chaiwala and blaming him for the country's downfall.,Could this statement aims to undermine Modi's leadership and provoke negative sentiment towards him.
3329,To The intent is to provoke and incite violence by suggesting that Biharis are ready to take action.,Could this statement may incite regional tensions and provoke hostility towards Bihari individuals.
1504,To The intent is to criticize the government for allegedly supporting Tablighi Jamaat during the pandemic.,Could this statement may provoke negative sentiment against the Tablighi Jamaat and its supporters.
4299,To The intent is to portray China as a dangerous and backward nation.,Could this statement could incite hostility and anti-China sentiment among the public.
1025,To The intent is to blame devotees for a significant portion of COVID-19 cases.,Could this statement may fuel negative sentiment against devotees and contribute to communal tensions.
2347,To portray Tablighi Jamaat members as enemies of the country by linking them to the spread of COVID-19.,Could this statement may provoke anti-Tablighi sentiment and reinforce communal tensions.
292,To The intent is to portray Tablighi Jamaat members as responsible for spreading COVID-19.,Could this statement may provoke hostility and reinforce negative stereotypes against Tablighi Jamaat members.
4459,To The intent is to mock or insult the Prophet Muhammad.,Could this statement could provoke negative sentiment towards the Jihadi community and incite communal tension.
3416,To portray the community as inherently hostile or violent towards Hindus.,"Could this statement may fuel negative perceptions and stereotypes about the community, potentially inciting communal tensions."
3913,"To The intent is to associate the coronavirus with the Chinese government and its leader, Xi Jinping.","Could this statement aims to delegitimize Xi Jinping and associate him with negative historical figures, potentially inciting anti-China sentiment."
997,To The intent is to blame a specific community for spreading COVID-19 in India.,Could this statement may provoke communal tension and reinforce negative stereotypes about the community.
3128,"To The intent is to accuse Muslims of engaging in ""love jihad"" and imply that they are rewarded for it.",Could this statement may provoke hostility and reinforce negative stereotypes about the group being targeted.
2303,To criticize Rubika Liyaquat for her perceived hypocrisy.,Could this statement may provoke negative sentiment towards Rubika Liyaquat and undermine her credibility.
626,To The intent is to blame Tablighi Jamaat for spreading the Coronavirus.,Could this statement may provoke communal tensions and reinforce negative stereotypes about Tablighi Jamaat.
1554,To The intent is to question the actions of people who attended the congregation despite knowing about the spread of COVID-19.,"Could this statement may provoke negative sentiment against the Tablighi Jamaat and its followers, while also questioning the actions of BJP members."
4094,To portray China as a totalitarian regime similar to Nazi Germany.,Could this statement may provoke anti-China sentiment and reinforce negative stereotypes.
1289,To The intent is to criticize Tablighi Jamaat for allegedly contributing significantly to the spread of COVID-19.,Could this statement may provoke hostility towards Tablighi Jamaat members and incite communal tension.
3660,To The intent is to incite hostility and aggression towards China.,Could this statement could incite hostility and anti-China sentiment among those who agree with the sentiment.
1570,To The intent is to blame Tablighi Jamaat for spreading the coronavirus in India.,Could this statement may provoke communal tensions and reinforce negative stereotypes about the Tablighi Jamaat.
3577,"To portray Muslims as manipulative and easy to control, justifying internal conflicts.",Could this statement may provoke anti-Islamist sentiment and reinforce negative stereotypes about Muslims.
1158,To The intent is to portray the group as malicious and harmful to the country.,"Could this statement aims to delegitimize the group by associating them with negative actions, potentially inciting hostility or prejudice against them."
2601,To The intent is to portray Hindu girls as victims of a broader pattern of discrimination.,Could this statement may provoke anger and reinforce communal tensions against Muslims.
1913,To The intent is to criticize and blame the Tablighi Jamaat for spreading COVID-19.,Could this statement may provoke negative sentiment towards Tablighi Jamaat and its followers.
239,To The intent is to blame the Jamaat for spreading COVID-19.,Could this statement may provoke negative sentiment towards the Jamaat and its followers.
2963,To The intent is to criticize Bollywood for prioritizing promotion over boycott.,"Could this statement aims to provoke a negative reaction from those who support the boycott of Pathaan, potentially inciting further debate or conflict."
297,To The intent is to portray the Jain community as engaging in rituals to combat the coronavirus.,Could this statement may provoke negative sentiment towards the Jain community and reinforce communal stereotypes.
110,To The intent is to portray China and Muslims as conspirators in spreading the coronavirus.,Could this statement may incite anti-China and anti-Muslim sentiment and fuel conspiracy theories.
2322,To criticize Maulana Saad for allegedly hiding after a center incident.,"Could this statement may provoke negative sentiment towards Maulana Saad and the Tablighi Jamaat, potentially fueling communal tensions."
4294,To The intent is to blame China for the spread of the virus.,Could this statement promotes anti-China sentiment and may provoke hostility towards Chinese people.
1043,To The intent is to portray the congregation as a source of COVID-19 spread.,"Could this statement may provoke negative sentiment against the congregation and its members, potentially inciting communal tension."
4450,To The intent is to accuse the Election Commission and manufacturers of EVMs of hacking and manipulating elections.,Could this statement could incite distrust in the electoral process and undermine public confidence in the government.
2919,To The intent is to discredit the Shaheen Bagh and fake farmer protest by implying they are similar.,Could this statement may fuel distrust and skepticism towards the farmers' protest and similar movements.
298,To The intent is to criticize Arvind for unfairly blaming the congregation for the spread of COVID-19.,Could this statement may provoke negative sentiment towards Arvind and potentially undermine his credibility.
2992,To The intent is to criticize Bollywood by suggesting that SRK is being excessively praised.,"Could this statement may incite negative sentiment towards Bollywood and SRK, potentially affecting their public image."
830,To The intent is to blame Tablighi Jamaat for a significant portion of COVID-19 cases.,Could this statement may provoke negative sentiment towards Tablighi Jamaat and its followers.
2116,To criticize Kejriwal for allegedly supporting Tablighi Jamaat during the coronavirus pandemic.,"Could this statement may provoke negative sentiment towards Kejriwal and the Delhi government, potentially affecting their public image."
52,To The intent is to criticize Rahul Gandhi for allegedly defending China's actions during the pandemic.,Could this statement aims to undermine the credibility of Rahul Gandhi and his supporters by suggesting they are ignorant and biased.
4447,To The intent is to mock and criticize the actions of those involved.,Could this statement may provoke negative sentiment towards the individuals mentioned and undermine their credibility.
4528,To portray Muslims as having aggressive and expansionist intentions.,Could this statement may fuel anti-Muslim sentiment and provoke hostility towards Muslims.
1704,To The intent is to portray Rahul and Owaisi as secular figures who are perceived as threats to secularism.,"Could this statement may provoke distrust and division among secular groups, potentially undermining their unity."
3933,To The intent is to portray China as a source of negative outcomes.,Could this statement may fuel anti-China sentiment and provoke negative feelings towards Chinese people.
1407,To The intent is to blame Tablighi Jamaat for spreading the coronavirus.,Could this statement may provoke communal tension and reinforce negative stereotypes about the Tablighi Jamaat.
2355,"To differentiate between Muslims and the Tablighi Jamaat, emphasizing that not all Muslims are responsible for spreading COVID-19.",Could this statement may provoke further division and misunderstanding between different Muslim communities.
1919,To criticize Tablighi Jamaat for allegedly increasing COVID-19 cases and question the patriotism of its followers.,Could this statement may provoke anti-Tablighi sentiment and reinforce communal tensions.
27,To portray China as a manipulative entity that spreads blame to deflect from its own actions.,Could this statement may provoke anti-China sentiment and reinforce negative perceptions of China.
777,To The intent is to question the media's focus on a specific community's spread of COVID-19.,Could this statement may provoke negative sentiment towards the Home Minister's community and fuel communal tensions.
916,To The intent is to criticize media for linking the virus with Tablighi Jamaat.,Could this statement may lead to misinformation and communal tension by shifting the narrative away from the broader context of the pandemic.
3919,To The intent is to blame China for the spread of the coronavirus.,Could this statement may incite anti-China sentiment and promote calls for economic or political action against China.
2624,To The intent is to portray blind followers as being distracted from the real threats to Hindus.,Could this statement may provoke anti-Muslim sentiment and reinforce communal tensions.
3410,To The intent is to provoke and incite hostility against Bangladeshi Hindus.,"Could this statement may provoke hostility and division between communities, potentially inciting violence or hostility."
1794,To portray Tablighi Jamaat as responsible for spreading COVID-19 and causing harm to the nation.,Could this statement may provoke negative sentiment towards Tablighi Jamaat and its followers.
1455,To portray Tablighi Jamaat as responsible for spreading COVID-19.,Could this statement may incite communal tension and provoke hostility towards Tablighi Jamaat members.
1741,To The intent is to blame Tablighi Jamaat for the spread of COVID-19 while deflecting blame from other groups.,Could this statement may provoke negative sentiment towards the Tablighi Jamaat and its followers.
1968,To portray Muslims as a threat to society by associating them with terrorism and disease.,Could this statement may provoke anti-Muslim sentiment and reinforce negative stereotypes about Muslims.
562,To question the media's portrayal of the Jamaat as responsible for spreading COVID-19.,Could this statement may fuel negative perceptions and bias against the Jamaat community.
133,To The intent is to associate the Tablighi Jamaat with the spread of COVID-19.,Could this statement may provoke hostility or discrimination against the Tablighi Jamaat and its followers.
556,To The intent is to portray Tablighi Jamaat members as responsible for the spread of COVID-19.,Could this statement may provoke negative sentiment towards Tablighi Jamaat members and their followers.
3668,To portray China as a persistent source of disease.,Could this statement may fuel anti-China sentiment and reinforce negative stereotypes.
3432,To The intent is to portray the Indian Leftist as biased and dishonest in their reporting.,Could this statement may provoke hostility towards the mentioned individuals and reinforce communal tensions.
534,To The intent is to portray Tablighi Jamaat members as unsuitable for donating plasma due to their dietary habits.,Could this statement may provoke negative sentiment and reinforce communal stereotypes against Muslims.
3488,To The intent is to portray Muslims as a threat to Hindu safety and to blame Modi for not taking action against them.,Could this statement may incite communal tensions and provoke anti-Muslim sentiment.
121,To The intent is to question the role of the gathering in spreading the coronavirus.,Could this statement may provoke negative sentiment towards the gathering and its attendees.
970,To The intent is to blame Tablighi Jamaat for spreading COVID-19.,Could this statement may provoke negative sentiment towards Tablighi Jamaat members and their followers.
3829,To The intent is to threaten violence against a group perceived as hostile.,"Could this statement could incite fear and hostility towards the group mentioned, potentially leading to increased tension or violence."
1627,"To The intent is to accuse Congress, Muslim, and secular circles of attempting to harm Modi's reputation by spreading COVID-19.","Could this statement may provoke hostility towards Congress, Muslims, and secular circles, and undermine their credibility."
1213,To The intent is to portray the Tablighi Jamaat as ignorant and resistant to medical advice.,Could this statement may provoke communal tensions and reinforce negative stereotypes about the Tablighi Jamaat.
3112,To mock and trivialize the concept of love jihad by using a humorous tone.,Could this statement may provoke negative sentiment towards those who oppose the notion of love jihad and land jihad.
3170,To The intent is to criticize the lack of awareness or understanding among people.,Could this statement may provoke curiosity and encourage people to question the status quo or seek answers.
3174,To The intent is to portray certain individuals or groups as harmful or undesirable.,Could this statement promotes hostility and could incite negative sentiments against the targeted group.
839,To The intent is to mock Babita Phogat by questioning her sister's involvement in a congregation.,"Could this statement may provoke negative sentiment towards Babita Phogat and her family, potentially damaging her reputation."
2570,To The intent is to portray Hindus as being unsafe in the country's capital.,Could this statement may incite communal tension and provoke fear among Hindus.
135,To blame the congregation for spreading COVID-19.,Could this statement may provoke negative sentiment against the congregation and its followers.
4142,To The intent is to associate the coronavirus with the Chinese Communist Party.,Could this statement may provoke anti-China sentiment and reinforce negative perceptions of the CCP.
1603,To criticize and mock the Tablighi Jamaat for their actions during the pandemic.,Could this statement may provoke negative sentiment towards Tablighi Jamaat and its followers.
2629,To The intent is to portray Modi as weak and fearful of Kejriwal.,Could this statement may fuel distrust and animosity between political parties and their supporters.
3745,To The intent is to associate the coronavirus with the Chinese Communist Party.,Could this statement may provoke anti-CCP sentiment and reinforce negative stereotypes.
3226,To criticize the media for using flags in India.,Could this statement may provoke negative sentiment towards the media and suggest that they are misguided or incompetent.
2402,To The intent is to blame the Tablighi Jamaat for spreading COVID-19.,Could this statement may provoke anti-Jamaat sentiment and reinforce communal tensions.
3014,To question the legitimacy of Adani's investments and investments by Hindenburg.,Could this statement may provoke skepticism and distrust among the audience towards the Adani Group and its investors.
669,To portray Muslims as responsible for spreading the coronavirus.,Could this statement may incite communal tension and provoke hostility towards Muslims.
18,To The intent is to discredit Deepak Srivastav by suggesting he is not genuine and may be associated with terrorism or China.,Could this statement may provoke anti-Pakistani sentiment and reinforce negative stereotypes.
4042,To The intent is to blame the Chinese Communist Party for the spread of the virus.,Could this statement may provoke anti-China sentiment and reinforce negative perceptions of the Chinese government.
316,To The intent is to suggest that the Tablighi Jamaat is being used to manipulate political narratives in Bihar and West Bengal.,Could this statement may incite communal tensions and undermine trust in political processes.
1130,To criticize Aajtak for sensationalizing the Tablighi Jamaat topic and implying bias in their reporting.,Could this statement suggests that the news channel is biased and may lose credibility among its audience.
3910,To The intent is to blame China for spreading the virus and to mock the situation by referencing checks.,Could this statement could provoke anti-China sentiment and reinforce negative stereotypes.
2858,To discredit the farmers' protest by labeling it as fake and mocking the participants.,Could this statement may provoke negative sentiment towards the farmers and undermine their protest.
1624,To The intent is to portray Tablighi Jamaat as responsible for spreading COVID-19 and to provoke hostility against them.,Could this statement could fuel communal tensions and provoke hostility towards the Tablighi community.
4363,To portray the Wuhan virus as a bio weapon designed to harm older people and exploit their assets.,Could this statement could fuel anti-China sentiment and provoke hostility towards the CCP.
299,To The intent is to associate the individual with the Tablighi Jamaat and suggest they are responsible for spreading COVID-19.,Could this statement may provoke negative sentiment towards the congregation and its attendees.
123,To The intent is to blame or criticize a group for spreading COVID-19.,Could this statement may provoke negative sentiment towards the group and contribute to stigmatization.
241,To blame Tablighi Jamaat for spreading the coronavirus.,Could this statement may fuel communal tensions and blame Tablighi Jamaat for the pandemic's spread.
1607,To The intent is to blame Tablighi Jamaat for spreading COVID-19 and suggest severe punishment for its members.,Could this statement could incite hostility and provoke violence against Tablighi Jamaat members and their supporters.
466,To The intent is to portray Tablighi Jamaat as responsible for spreading COVID-19.,Could this statement may provoke anti-Tablighi sentiment and reinforce negative stereotypes about the group.
2965,To mock and criticize the boycott movement by suggesting it is ineffective.,"Could this statement aims to provoke and mock the boycott movement, potentially undermining its credibility."
3718,To The intent is to advocate for the shutdown of Chinese media outlets.,Could this statement promotes anti-China sentiment and could incite hostility towards Chinese media and people.
678,"To The intent is to portray Tablighi Jamaat as responsible for spreading COVID-19 and engaging in a ""corona jihad.",Could this statement may incite communal tension and provoke hostility towards Muslims.
3715,To The intent is to blame the Chinese Communist Party for the spread of the virus.,Could this statement may provoke anti-China sentiment and reinforce negative perceptions of the CCP.
2526,To The intent is to challenge the notion that the protest is solely about Khalistani sentiments.,Could this statement may provoke skepticism or disbelief among those who doubt the authenticity of the protest.
965,To highlight the media's acknowledgment of the congregation's role in spreading COVID-19.,Could this statement may provoke negative sentiment towards the group and undermine their reputation.
3833,To portray China as a threat to global security and economic independence.,Could this statement may incite anti-China sentiment and encourage people to boycott Chinese products.
464,To The intent is to blame Tablighi Jamaat for spreading COVID-19.,Could this statement may provoke negative sentiment against Tablighi Jamaat and its followers.
880,To criticize the UP government for allegedly targeting Tablighi Jamaat while ignoring other issues.,Could this statement may provoke negative sentiment towards the Tablighi Jamaat and its leaders.
1706,To criticize Hindus for not holding themselves accountable for spreading COVID-19.,Could this statement may provoke communal tension and reinforce negative perceptions about Hindus.
2453,To The intent is to criticize and mock the actions of the government or individuals involved.,Could this statement may provoke anger and distrust among the public towards the government and its actions.
472,To The intent is to hold certain groups accountable for spreading the coronavirus in India.,Could this statement may incite negative sentiment against these groups and lead to communal tensions.
275,To mock RSS and VHP members by implying they avoided the congregation.,Could this statement may provoke negative sentiment towards RSS and VHP members and undermine their credibility.
3798,To The intent is to associate the coronavirus with the Wuhan region.,Could this statement may provoke anti-China sentiment and reinforce negative stereotypes about the country.
4178,To portray communists as dangerous and responsible for harm.,Could this statement may incite anti-communist sentiment and provoke hostility towards China.
2313,To The intent is to portray Maulanas as a threat and suggest that they should be eliminated or isolated.,Could this statement may provoke hostility towards Maulanas and undermine their credibility among the public.
2192,To The intent is to criticize the congregation for their actions during the pandemic.,Could this statement may provoke negative sentiment towards the congregation and its followers.
1414,To The intent is to criticize the media for selectively blaming Tablighi Jamaat while ignoring other groups.,Could this statement may provoke anti-Tablighi sentiment and reinforce communal tensions.
2621,To The intent is to criticize the BJP government for failing to protect Hindus.,Could this statement may incite communal tension and undermine the BJP's credibility among Hindu voters.
3814,To The intent is to blame the Chinese Communist Party for spreading the coronavirus.,Could this statement may provoke anti-China sentiment and reinforce negative perceptions of the CCP.
1062,To The intent is to portray Tablighi Jamaat as a significant threat and to associate them with the spread of COVID-19.,"Could this statement could provoke negative sentiment against Jinping and Tablighi Jamaat, potentially inciting communal tension."
3826,To The intent is to portray China as being controlled by Western elites.,Could this statement may fuel anti-Chinese sentiment and distrust among Western audiences.
3883,To The intent is to blame China for the spread of the coronavirus.,Could this statement may fuel anti-China sentiment and reinforce negative perceptions of China.
2874,To The intent is to question the credibility of the farmers' protest by suggesting it is not genuine.,Could this statement may provoke negative sentiment towards the protest and its participants.
4217,To The intent is to express hostility and wish harm upon the Chinese Communist Party.,"Could this statement promotes hostility and negative sentiment towards the CCP, potentially inciting anti-China sentiment."
894,To The intent is to insult and demean Tablighi Jamaat members by associating them with inappropriate behavior.,Could this statement aims to provoke anger and hostility towards the Tablighi Jamaat and its followers.
4285,To The intent is to justify or explain the negative sentiment towards Chinese people.,Could this statement may incite anti-Chinese sentiment and contribute to negative perceptions of Chinese people.
3734,To The intent is to discredit those who doubt the theory that COVID-19 is a biological weapon.,Could this statement may provoke hostility towards those who doubt the theory and reinforce the belief in the conspiracy.
2086,To accuse Tablighi Jamaat and Arvind Kejriwal of being involved in a planned terrorist act to spread the coronavirus.,Could this statement may incite communal tension and provoke negative sentiment towards Tablighi Jamaat and its supporters.
1587,To criticize Tablighi Jamaat for allegedly mishandling the coronavirus situation.,"Could this statement may provoke negative sentiment towards Tablighi Jamaat and its followers, potentially fueling communal tensions."
1322,To The intent is to portray Tablighi Jamaat as responsible for spreading COVID-19 and to criticize Hindus for being soft-hearted and naive.,Could this statement may incite communal tensions and provoke hostility towards the Tablighi Jamaat.
1208,To accuse Kejriwal of supporting the Tablighi Jamaat and being responsible for the spread of COVID-19.,Could this statement may provoke negative sentiment towards Kejriwal and undermine his credibility as a leader.
2187,To criticize Kejriwal for allegedly supporting Tablighi Jamaat and blaming them for the spread of COVID-19.,"Could this statement may provoke negative sentiment against Kejriwal and the Tablighi Jamaat, potentially inciting communal tension."
3536,To The intent is to advocate for the return of Hindus from Pakistan and Bangladesh and the deportation of Indian Muslims.,"Could this statement promotes division and hostility between communities, potentially inciting communal tensions."
2909,To The intent is to discredit the farmers' protest by suggesting it is not genuine.,Could this statement may undermine the credibility of the farmers' protest and diminish public support for their cause.
834,To The intent is to criticize the media for unfairly blaming the Jamaat for the spread of COVID-19.,"Could this statement may provoke negative sentiment towards the media and the Jamaat, suggesting they are unfairly blamed for the pandemic."
94,To The intent is to accuse China of intentionally producing and releasing the coronavirus.,Could this statement may fuel anti-China sentiment and provoke negative perceptions of China among the audience.
3027,To criticize America for perceived hypocrisy in its treatment of Adani and the Oscars.,Could this statement may provoke anti-American sentiment and reinforce narratives of perceived double standards.
1057,To criticize Modi for allegedly ignoring the Tablighi Jamaat's role in spreading the coronavirus.,Could this statement may provoke negative sentiment towards the Tablighi Jamaat and its followers.
3110,To criticize Muslims for perceived hypocrisy and inappropriate behavior.,"Could this statement may provoke negative reactions from Muslims and Hindus alike, potentially fueling communal tensions."
3995,To The intent is to blame the Chinese Communist Party for the spread of the virus.,Could this statement may incite anti-China sentiment and provoke hostility towards the Chinese government.
3617,To discredit the theory by questioning its credibility and suggesting bias.,Could this statement may undermine the credibility of the individual and promote skepticism about the media's reporting.
4025,To portray the CCP as responsible for biological warfare.,Could this statement may fuel anti-China sentiment and provoke hostility towards the CCP.
1363,To The intent is to accuse the user of spreading misinformation about the Tablighi Jamaat.,"Could this statement may provoke negative sentiment against the individual and their supporters, potentially damaging their reputation."
806,To The intent is to blame a specific group for spreading COVID-19 and causing chaos.,Could this statement may provoke negative sentiment against the group and reinforce communal tensions.
1052,To The intent is to criticize the media for selectively highlighting the Tablighi Jamaat's role in spreading COVID-19.,Could this statement may provoke negative sentiment towards Tablighi Jamaat and its followers.
3629,To The intent is to blame China for creating and spreading the virus.,Could this statement may provoke anti-China sentiment and reinforce negative perceptions of Chinese involvement in the pandemic.
498,To The intent is to criticize the government for perceived bias in handling gatherings.,Could this statement may provoke negative sentiment towards Tablighi Jamaat and its followers.
1673,To The intent is to accuse media of unfairly targeting Muslims by blaming Tablighi Jamaat for the spread of COVID-19.,Could this statement may provoke anti-media sentiment and reinforce communal tensions.
1671,To criticize Saket Gokhale and Rahul Gandhi for allegedly ignoring the country's problems.,Could this statement aims to undermine the credibility of Saket Gokhale and Rahul Gandhi by suggesting they are indifferent to national issues.
2102,To criticize the government for wasting resources on the pandemic and its economic impact.,Could this statement may provoke negative sentiment towards the Tablighi Jamaat and its followers.
2669,To The intent is to portray the farmers' protest as illegitimate and compare it to other protests.,Could this statement may undermine the legitimacy of the protest and portray it as illegitimate or misleading.
3460,To portray Islam as a threat to non-Muslims.,Could this statement may provoke fear and hostility towards Muslims among non-Muslims.
790,To The intent is to accuse Tablighi Jamaat of hiding Corona cases and receiving preferential treatment.,Could this statement may fuel distrust and negative perceptions of Tablighi Jamaat members among the public.
694,To accuse Zee Center journalists of spreading COVID-19 by associating them with the Jamaat.,"Could this statement could incite hostility towards Zee Center and its journalists, potentially affecting their reputation and credibility."
2628,To The intent is to portray Hindus as being persecuted in Bangladesh and Pakistan.,Could this statement may provoke sympathy and support for the Hindu community among those who read it.
3508,To The intent is to incite violence against non-Muslims.,"Could this statement promotes hostility and violence against non-Muslims, potentially inciting communal tension and violence."
2416,To portray China as a threat by accusing it of creating biological weapons.,Could this statement may provoke anti-China sentiment and reinforce negative stereotypes about China.
4220,To The intent is to accuse China of deliberately spreading the coronavirus.,Could this statement may provoke anti-China sentiment and reinforce negative stereotypes about China.
1182,To criticize the government for its handling of the coronavirus situation.,Could this statement may provoke negative sentiment towards the government and suggest that they are responsible for the spread of the virus.
1341,To criticize Tablighi Jamaat for not taking action against COVID-19.,Could this statement could provoke negative sentiment against Tablighi Jamaat and its followers.
2251,"To blame Tablighi Jamaat, Congress, Mamata Banerjee, and Kejriwal for spreading the coronavirus.","Could this statement may provoke negative sentiments against the Tablighi Jamaat, Congress, Mamata Banerjee, Kejriwal, and laborers, potentially inciting communal and political tensions."
178,To The intent is to blame Tablighi Jamaat for spreading the coronavirus.,Could this statement may provoke negative sentiment and reinforce stereotypes against the Tablighi Jamaat.
908,To The intent is to challenge the narrative that blames Tablighi Jamaat for spreading the coronavirus.,"Could this statement aims to challenge the narrative that blames Tablighi Jamaat for the spread of COVID-19, potentially reducing stigma and promoting a more balanced perspective."
4396,To portray China as a global threat and advocate for collective action against it.,Could this statement could incite anti-China sentiment and encourage global boycotts against China.
145,To The intent is to associate Tablighi Jamaat with terrorism and equate it with the Wuhan coronavirus.,Could this statement may provoke negative sentiments against Tablighi Jamaat and its followers.
3138,"To The intent is to accuse Muslims of engaging in ""love jihad"" and to portray them as deceitful.",Could this statement may provoke hostility and reinforce negative stereotypes about Muslims.
176,To The intent is to highlight the negative impact of COVID-19 on the community.,Could this statement may provoke negative sentiment towards the community and reinforce stereotypes.
2451,To The intent is to criticize Muslims for allegedly blaming them for the pandemic.,Could this statement may provoke negative sentiment towards Muslims and reinforce communal stereotypes.
288,To The intent is to blame gatherings for spreading COVID-19.,Could this statement may provoke negative sentiments against the gathering and its attendees.
3376,To portray Muslims as aggressive and intolerant.,Could this statement may provoke negative sentiments and reinforce stereotypes about Muslims.
46,To criticize Modi for perceived failures and actions related to the coronavirus pandemic.,Could this statement may fuel anti-Modi sentiment and undermine public trust in the government.
2285,To The intent is to criticize and defend against accusations of communal bias.,Could this statement may provoke negative sentiment towards the congregation and its followers.
3725,To The intent is to portray China as a threat and advocate for retaliation against them.,Could this statement may incite anti-China sentiment and support for retaliatory actions against China.
1615,To criticize the government for its handling of the coronavirus pandemic.,Could this statement may provoke negative sentiment towards the government and its handling of the pandemic.
3632,To The intent is to portray China as a threat to global stability.,Could this statement may fuel anti-China sentiment and reinforce negative perceptions of Chinese global ambitions.
4154,To The intent is to associate China with negative stereotypes and derogatory terms.,Could this statement promotes anti-China sentiment and could provoke negative feelings towards Chinese people.
1258,To The intent is to criticize and mock Tablighi Jamaat for allegedly spreading COVID-19.,Could this statement may provoke hostility and reinforce negative stereotypes against Tablighi Jamaat members.
3309,To The intent is to portray a bias against Hindi-speaking individuals in Tamil Nadu.,Could this statement may fuel communal tensions and provoke hostility towards Hindi-speaking individuals in Tamil Nadu.
3228,To criticize journalists for perceived bias and lack of shame.,Could this statement may undermine the credibility of journalists and provoke negative sentiment towards them.
3965,To portray China as a threat and equate its actions with those of the devil.,Could this statement could incite anti-China sentiment and foster distrust between political factions.
2560,To The intent is to portray Muslims as not fully identifying with Hinduism despite their long history.,Could this statement may provoke communal tensions and reinforce communal divisions.
788,To The intent is to blame the Tablighi Jamaat for spreading the coronavirus in India.,Could this statement may provoke anti-Jamaat sentiment and contribute to communal tensions.
4039,To The intent is to associate the coronavirus with China and its government.,Could this statement may provoke negative sentiment towards China and its government.
1058,To The intent is to question Swara's health status and imply she may have been exposed to COVID-19 through her association with Tablighi Jamaat.,Could this statement may provoke negative sentiment towards Tablighi Jamaat and its followers.
3200,To criticize the police for their perceived incompetence and harsh treatment of common people.,Could this statement may incite negative sentiment towards the police and undermine their authority.
803,To blame Tablighi Jamaat for the spread of COVID-19 and suggest that Modi will help resolve the situation.,Could this statement may provoke negative sentiment towards Tablighi Jamaat and its followers.
150,To The intent is to blame a specific group for spreading COVID-19.,Could this statement may provoke negative sentiment towards the group and fuel misinformation about their role in spreading COVID-19.
1236,To criticize Modi for perceived bias against the Tablighi Jamaat.,"Could this statement may provoke negative sentiment towards Modi and the government, suggesting they are biased against the Jamaat."
890,To The intent is to portray the Tablighi Jamaat as deliberately spreading COVID-19.,Could this statement may provoke hostility towards the Tablighi Jamaat and its followers.
3063,To question the credibility of the Hindenburg report and suggest that it was a facade.,Could this statement may undermine public trust in the government and the Adani Group.
2518,To question the legitimacy of the farmer's protest by linking it to Khalistan demands.,Could this statement may provoke distrust and division among the protesters and their supporters.
3419,To portray Islam as a harmful and detrimental influence on humanity.,Could this statement may provoke negative sentiments towards Islam and its followers.
1484,To The intent is to highlight the responsibility of the congregation in spreading COVID-19.,Could this statement may provoke negative sentiment towards the congregation and its members.
487,To The intent is to blame Tablighi Jamaat for spreading the coronavirus.,Could this statement may provoke communal tensions and reinforce negative stereotypes about Tablighi Jamaat.
2664,To question the motives and objectivity of the fact-checking process.,Could this statement may provoke discussions about media bias and the role of religion in news reporting.
2590,To portray Congress as disrespectful towards Hindus and promote anti-Congress sentiment.,Could this statement may provoke anti-Congress sentiment and reinforce communal tensions.
1418,To blame Tablighi Jamaat for spreading COVID-19 and portray them as deliberately causing harm.,Could this statement may provoke hostility towards Tablighi Jamaat members and reinforce communal tensions.
2506,To portray the farmers' protest as being manipulated by Khalistani supporters.,Could this statement may provoke anti-Khalistan sentiment and undermine support for the farmers' protest.
1335,To portray Sonia Gandhi and Tablighi Jamaat as traitors who are seeking financial gain.,"Could this statement may incite negative sentiment towards Sonia Gandhi and the Tablighi Jamaat, potentially fueling communal tensions."
3729,To portray China as a threat to global health by accusing it of using a biological weapon.,Could this statement may fuel anti-China sentiment and provoke hostility towards China.
2214,To criticize the media for allegedly ignoring or justifying the actions of Tablighi Jamaat members.,Could this statement may provoke negative sentiment towards Tablighi Jamaat and its followers.
2489,To The intent is to portray the farmers' protest as a threat to national security.,Could this statement may provoke anti-farmer sentiment and undermine the legitimacy of the protest.
1676,To The intent is to question the narrative that associates Tablighi Jamaat with the spread of coronavirus.,Could this statement may provoke discussions about the role of media narratives in communal tensions.
4433,To mock and belittle the speaker by suggesting they are naive or foolish.,Could this statement could provoke negative reactions and reinforce stereotypes about the group being addressed.
4038,To The intent is to blame China for the origin and quality of the virus.,Could this statement may provoke anti-China sentiment and reinforce negative perceptions of Chinese products.
323,To The intent is to accuse the Tablighi Jamaat of spreading coronavirus.,Could this statement may provoke negative sentiment towards Tablighi Jamaat and its followers.
1468,To The intent is to accuse the government of hiding information about a corona kit scam.,"Could this statement may provoke distrust in the government and its actions, potentially leading to public dissatisfaction."
309,To The intent is to blame Tablighi Jamaat for the failure to defeat COVID-19.,Could this statement may provoke negative sentiment towards Tablighi Jamaat and its followers.
1533,To blame Tablighi Jamaat for the rapid increase in COVID-19 cases.,Could this statement may provoke negative sentiment towards Tablighi Jamaat members and their followers.
4029,To The intent is to associate the coronavirus with the Chinese Communist Party.,Could this statement may provoke anti-China sentiment and reinforce negative perceptions of the CCP.
2023,To The intent is to blame Muslims for spreading the coronavirus.,Could this statement may provoke negative sentiment against Muslims and undermine efforts to promote communal harmony.
439,To The intent is to portray Tablighi Jamaat members as irresponsible and harmful.,Could this statement could provoke negative sentiment against Tablighi Jamaat and its followers.
3782,To The intent is to advocate for military action against China.,Could this statement may incite anti-China sentiment and support for aggressive action against China.
20,To portray China as deliberately spreading the coronavirus and blame it for the deaths of Americans.,Could this statement could incite anti-China sentiment and provoke calls for retaliation against China.
1783,To The intent is to blame Muslims for spreading COVID-19 in India.,Could this statement may provoke hostility and communal tension between different religious communities.
1808,To The intent is to accuse Z News of spreading misinformation and hiding their own involvement in spreading COVID-19.,"Could this statement may provoke negative sentiment towards Z News and its staff, potentially damaging their reputation."
3868,To portray China as a threat to global health and safety.,Could this statement may fuel anti-China sentiment and provoke hostility towards China.
4157,To The intent is to criticize the media and political figures for spreading misinformation and distracting from the truth.,Could this statement may provoke anti-China sentiment and reinforce negative perceptions of the CCP and its supporters.
2716,To criticize and discredit the farmers' protest by suggesting it is baseless and violent.,Could this statement may provoke negative sentiment towards the farmers and undermine their protest.
2978,To The intent is to encourage a boycott of the movie #Pathaan.,Could this statement may incite further boycott actions and reinforce communal tensions.
1963,To highlight perceived bias in reporting COVID-19 statistics by focusing on Tablighi Jamaat.,Could this statement may provoke communal tensions and reinforce stereotypes about religious groups.
1596,To The intent is to mock and criticize Kejriwal for allegedly misusing funds during the pandemic.,"Could this statement could provoke negative sentiment towards Tablighi Jamaat and Kejriwal, potentially inciting communal tension."
3501,To portray Islam as a dominant force responsible for wrongdoings.,Could this statement may provoke anti-Islam sentiment and reinforce negative stereotypes about Muslims.
1314,To criticize Ajaz Khan for allegedly spreading misinformation and damaging the country's reputation.,"Could this statement aims to discredit the Tablighi Jamaat and its followers, suggesting they are harmful to the country."
1176,To The intent is to criticize the media for not mentioning China's role in the pandemic.,Could this statement may provoke anti-China sentiment and reinforce negative stereotypes about Chinese people.
3434,To portray Muslims as a threat to global peace and stability.,"Could this statement may incite fear and hostility towards Muslims, potentially fueling communal tensions."
291,To The intent is to question the credibility of the media by suggesting they are biased or inconsistent in their reporting.,Could this statement may provoke negative sentiment towards Feku and undermine the credibility of the news outlet.
2474,To criticize Kangana for accusing protesters of being paid.,Could this statement may provoke negative sentiment towards Kangana and undermine her credibility.
3236,To The intent is to mock or criticize Quint for allegedly accepting payments.,Could this statement may provoke negative sentiment towards Quint and undermine their credibility.
844,To The intent is to criticize and mock those who associate Tablighi Jamaat with fighting against COVID-19.,Could this statement may provoke hostility towards Tablighi Jamaat members and reinforce communal tensions.
71,To The intent is to highlight the global impact of the coronavirus.,Could this statement may fuel anti-China sentiment and reinforce negative perceptions of China's global impact.
444,To question the credibility of the Tablighi Jamaat by highlighting their religious practices.,Could this statement may provoke negative sentiment towards the Tablighi Jamaat and its followers.
4475,To The intent is to portray Muslims as disrespectful and provocative.,Could this statement may provoke hostility and reinforce negative stereotypes about Muslims.
1498,To criticize the Tablighi Jamaat for violating rules and spreading COVID-19.,Could this statement may provoke negative sentiment towards Tablighi Jamaat and its followers.
3186,To The intent is to portray the country as incompetent and unworthy of comparison.,Could this statement may provoke negative sentiment towards the country being compared and undermine its reputation.
506,To portray Tablighi Jamaat members as terrorists and justify harsh measures against them.,Could this statement promotes negative stereotypes and could incite hostility or violence against Tablighi Jamaat members.
3581,To portray Islam as a destructive and expansionist religion that erases indigenous cultures.,Could this statement may provoke anti-Islamic sentiment and reinforce negative stereotypes about Muslims.
3758,To The intent is to express hostility or contempt towards China.,Could this statement promotes negative sentiment and hostility towards China.
2469,To The intent is to criticize the Shaheen Bagh protests by associating them with food-related events.,Could this statement may provoke negative sentiment towards Shaheen Bagh and its supporters.
3615,To The intent is to blame China for the global pandemic by using a derogatory term.,Could this statement may provoke anti-China sentiment and reinforce negative perceptions of China.
4486,To The intent is to express hostility or rejection towards a specific group.,Could this statement may provoke negative sentiments and reinforce communal tensions.
3132,"To mock or trivialize the concept of a ""saffron love trap.",Could this statement could provoke negative reactions and reinforce stereotypes about women and their motives.
4088,To The intent is to portray China as deceitful and responsible for the spread of the coronavirus.,Could this statement may fuel anti-China sentiment and provoke negative perceptions of the Chinese government.
3656,To The intent is to associate the virus with Chinese origin and spread negative sentiment against China.,Could this statement may provoke negative sentiment towards Chinese people and contribute to anti-China sentiment.
62,To The intent is to portray China as a threat and to provoke negative sentiment against the country.,Could this statement promotes anti-China sentiment and could incite hostility or aggression towards China.
2338,To The intent is to blame the Tablighi Jamaat for spreading COVID-19 and portray them as terrorists.,Could this statement may provoke hostility and reinforce negative stereotypes against Muslims.
3015,To question the legitimacy of the Hindenburg report and suggest that Adani should have taken legal action.,Could suggests that Adani's silence on the issue may indicate guilt or weakness.
2124,To The intent is to question the credibility of the Tablighi Jamaat by suggesting they are hiding COVID-19 cases.,Could this statement aims to undermine the credibility of Tablighi Jamaat by suggesting they are responsible for spreading COVID-19.
4251,To portray China as responsible for spreading death.,Could this statement may incite anti-China sentiment and provoke hostility towards Chinese nationals.
319,To The intent is to blame the Tablighi Jamaat gathering for delaying the reopening of India during the COVID-19 pandemic.,"Could suggests that the gathering was a significant factor in delaying the reopening, potentially shifting blame from the government."
2340,To The intent is to blame Tablighi Jamaat for spreading COVID-19 and to question the actions of its members.,Could this statement may provoke anti-Tablighi sentiment and fuel communal tensions.
3981,To The intent is to blame China for the origin of viruses.,Could this statement may fuel anti-China sentiment and contribute to negative perceptions of China.
2795,To The intent is to question the impartiality of the justice bench regarding the farmers' protest.,Could suggests that the protest is illegitimate and undermines the credibility of the judiciary.
3154,To The intent is to blame a specific group or individual for an action.,Could this statement may provoke negative sentiments towards the group being referred to and could incite further hostility.
799,To The intent is to highlight the distinction between the Tablighi Jamaat and others in terms of their actions related to COVID-19.,Could this statement may reinforce negative perceptions about Tablighi Jamaat and its members.
479,To mock or belittle the individual by questioning their actions and implying they are at fault.,Could this statement may provoke negative sentiments towards the group and undermine their reputation.
3604,To The intent is to accuse the Chinese Communist Party of creating a virus to harm the United States.,Could this statement may incite anti-China sentiment and provoke hostility towards the CCP.
2814,To The intent is to portray the protesters as weak and cowardly.,Could this statement may provoke anger and resentment among supporters of the protesters and Modi's opponents.
215,To The intent is to blame Tablighi Jamaat for the ongoing coronavirus pandemic.,Could this statement may provoke negative sentiment towards Tablighi Jamaat members and reinforce communal tensions.
813,To The intent is to criticize the Sindh government for allegedly exaggerating the impact of religious gatherings on COVID-19 spread.,Could this statement may provoke negative sentiment against the Sindh government and its policies.
4186,To The intent is to blame the Chinese Communist Party for the spread of the coronavirus.,Could this statement may provoke anti-China sentiment and reinforce negative perceptions of the CCP.
808,To The intent is to portray the group as being immune to COVID-19.,"Could this statement may provoke hostility and division between different groups, potentially fueling communal tensions."
3492,To The intent is to portray Hindus as being harassed in Bangladesh.,Could this statement may incite fear and distrust among Hindus in Bangladesh.
469,To The intent is to question the appropriateness of accepting plasma from Tablighi Jamaat members who are spreading COVID-19.,Could this statement may provoke negative sentiment against Tablighi Jamaat members and undermine their efforts to contribute positively.
4205,To The intent is to associate the virus with the Chinese Communist Party.,Could this statement may provoke anti-China sentiment and reinforce negative stereotypes about the CCP.
545,To The intent is to mock and blame Tablighi Jamaat for spreading COVID-19.,Could this statement could provoke hostility and reinforce negative stereotypes against Tablighi Jamaat members.
1516,To The intent is to portray Tablighi Jamaat as responsible for spreading COVID-19.,Could this statement may provoke negative sentiment towards Tablighi Jamaat and its followers.
197,To The intent is to blame the gathering for spreading COVID-19 and imply that the sister-in-law is responsible for the spread.,Could this statement may provoke negative sentiments and communal tensions against the Tablighi Jamaat and its followers.
4011,To The intent is to associate China with the spread of COVID-19 by using a derogatory term.,Could this statement may provoke negative sentiment towards China and its leadership.
1042,To The intent is to criticize and mock the Tablighi Jamaat for allegedly spreading COVID-19.,Could this statement may provoke negative sentiment towards Tablighi Jamaat and its followers.
719,To The intent is to highlight the potential danger of asymptomatic individuals spreading COVID-19.,"Could this statement may provoke fear and anxiety among the public, potentially leading to increased social tension."
722,To The intent is to portray Tablighi Jamaat as responsible for spreading COVID-19.,Could this statement may provoke negative sentiment against Tablighi Jamaat and its followers.
3797,To The intent is to portray China as a threat and justify military action against them.,"Could this statement promotes hostility and aggression towards China, potentially inciting anti-China sentiment."
1742,To criticize the government for prioritizing alcohol sales over public health.,"Could suggests that alcohol consumption is a significant factor in spreading COVID-19, potentially shifting blame away from gatherings."
3248,To The intent is to portray Hindus as being oppressed or dominated.,"Could this statement may incite fear and resentment among Hindus, potentially fueling communal tensions."
4290,To portray China as responsible for the spread of the Wuhan virus and to suggest that it should be punished.,Could this statement may incite anti-China sentiment and calls for punitive action against China.
1181,To criticize and blame Tablighi Jamaat for the spread of COVID-19.,Could this statement may provoke negative sentiment towards Tablighi Jamaat members and their followers.
4315,To The intent is to portray China as maliciously using biological warfare against the world.,Could this statement could fuel anti-China sentiment and provoke distrust towards China.
1445,To The intent is to portray Tablighi Jamaat as responsible for spreading COVID-19.,Could this statement may incite communal tension and provoke hostility towards Tablighi Jamaat members.
1104,To blame Tablighi Jamaat for spreading COVID-19 in Maharashtra.,Could this statement may provoke anti-Tablighi sentiment and contribute to communal tensions.
3520,To The intent is to portray the situation as a targeted attack on Hindus.,Could this statement may fuel communal tensions and provoke anti-Muslim sentiment.
97,To The intent is to portray the BJP as responsible for the origin of the coronavirus.,Could this statement may provoke anti-Indian sentiment and reinforce negative stereotypes about the BJP.
1645,To The intent is to portray Muslims as responsible for violence and criticize the media for biased reporting.,Could this statement may provoke anti-Muslim sentiment and reinforce communal tensions.
2399,To criticize the media for focusing on Tablighi Jamaat while ignoring other groups.,Could this statement may provoke negative sentiment towards Tablighi Jamaat and its followers.
140,To The intent is to portray the congregation as vulnerable to the coronavirus.,Could this statement may provoke negative sentiment towards the congregation and its followers.
2687,To The intent is to discredit Yuvi by associating him with Khalistani supporters.,Could this statement may provoke negative sentiment towards Yuvi's father and the Khalistan movement.
2995,To The intent is to mock and criticize Bollywood by suggesting that the movie 'Jawan' may not perform well financially.,"Could suggests that Bollywood films are increasingly focusing on box office success over quality, potentially diminishing the industry's reputation."
1534,To criticize Rahul Gandhi for allegedly mishandling the 'Khan-gress group' and suggest he should focus on fighting the pandemic.,"Could this statement may provoke negative sentiment towards Rahul Gandhi and the Congress party, potentially affecting their reputation and electoral prospects."
1499,To The intent is to criticize and mock Tablighi Jamaat by associating them with the spread of COVID-19.,Could this statement may provoke negative sentiment towards Tablighi Jamaat and its followers.
4374,To The intent is to express extreme hostility towards China.,Could this statement could incite hostility and promote anti-China sentiment.
843,To criticize news channels for focusing on Tablighi Jamaat's role in spreading COVID-19.,Could this statement suggests that media bias is harmful and could provoke criticism of the news channels.
1906,To criticize the media for perceived bias in reporting on the Tablighi Jamaat.,Could this statement may fuel communal tensions and reinforce negative stereotypes about the Tablighi Jamaat.
812,To The intent is to mock or trivialize the severity of the pandemic by using a sarcastic tone.,Could this statement may provoke negative sentiments and reinforce stereotypes against the group.
430,To The intent is to blame Tablighi Jamaat for the spread of COVID-19 in India.,Could this statement may provoke communal tensions and reinforce negative stereotypes about the Tablighi Jamaat.
4462,To The intent is to discredit and silence the channel by labeling it as a source of misinformation.,Could this statement may provoke hostility towards the channel and its audience.
1398,To The intent is to criticize the media for biased reporting and highlight perceived government neglect.,Could this statement may provoke anti-government sentiment and reinforce negative perceptions of the media.
1011,To criticize the media for unfairly blaming Muslims for spreading COVID-19.,Could this statement suggests that the media's actions may provoke communal tensions and undermine trust in the media.
539,To The intent is to criticize and blame the Jamaat for spreading COVID-19.,"Could this statement may provoke negative sentiment towards the Jamaat and its followers, potentially fueling communal tensions."
4158,To The intent is to portray China as responsible for the spread of the coronavirus.,Could this statement may provoke anti-China sentiment and reinforce negative perceptions of China.
1075,To criticize the media for biased reporting and sensationalism.,Could this statement aims to discredit the media by suggesting it is biased and untrustworthy.
1492,To The intent is to criticize Tablighi Jamaat for being disproportionately affected by COVID-19.,Could this statement may reinforce negative stereotypes and provoke communal tensions.
2019,To highlight the involvement of Tablighi Jamaat in spreading COVID-19 in the village.,Could this statement may lead to increased scrutiny and criticism of the Tablighi Jamaat for allegedly spreading COVID-19.
3269,To The intent is to express hostility and blame towards Tamil Nadu people.,Could this statement promotes hostility and negative sentiment towards Tamil Nadu people.
2521,To portray the protest as being influenced by Khalistan and Islamist elements.,Could this statement may provoke anti-Jat sentiment and reinforce negative stereotypes about the protest participants.
3083,To mock and insult Sudhir Chaudhary by referencing a previous insult and questioning his credibility.,Could this statement could provoke negative sentiment towards Longman and potentially incite further debate or conflict.
1722,To criticize the media for not holding the Jamaat accountable for spreading COVID-19.,Could this statement may provoke negative sentiment towards the Tablighi Jamaat and its followers.
2212,To portray Tablighi Jamaat as deliberately spreading COVID-19 as part of a planned jihad.,Could this statement may incite communal tension and provoke hostility towards Tablighi Jamaat members.
2388,To portray Tablighi Jamaat as responsible for spreading COVID-19 in India.,"Could this statement may provoke negative sentiment towards Tablighi Jamaat and its followers, potentially fueling communal tensions."
151,To The intent is to blame Tablighi Jamaat for the spread of COVID-19.,Could this statement may fuel communal tensions and provoke hostility towards Tablighi Jamaat members.
1379,To criticize the media for spreading misinformation about COVID-19.,Could this statement may provoke negative sentiment towards the media and its role in spreading misinformation.
2228,To The intent is to challenge the notion that only Tablighi Jamaat members were responsible for spreading the coronavirus.,Could this statement may provoke negative sentiment towards Tablighi Jamaat members and undermine their reputation.
3663,To The intent is to accuse the Chinese government of intentionally spreading COVID-19.,Could this statement may fuel anti-China sentiment and distrust in the Chinese government.
1449,To The intent is to criticize Zee News for alleged bias and to question the credibility of its reporting.,"Could this statement may provoke negative sentiment towards Zee News and its leadership, potentially affecting their reputation."
2567,To The intent is to criticize the perceived cultural shift in India.,Could this statement may provoke anti-Sanskrit sentiment and reinforce communal tensions.
1091,To The intent is to mock and insult Tablighi Jamaat members by associating them with spitting behavior.,Could this statement may provoke hostility and reinforce negative stereotypes about Tablighi Jamaat members.
3998,To The intent is to blame America for spreading the virus.,Could this statement may provoke anti-China sentiment and reinforce negative stereotypes.
204,To portray Tablighi Jamaat as a more significant threat than COVID-19.,Could this statement may incite hostility or prejudice against Tablighi Jamaat members.
1193,To The intent is to mock and blame the Tablighi Jamaat for spreading COVID-19.,Could this statement may provoke negative sentiment towards the community and reinforce stereotypes.
4467,To The intent is to mock and criticize the existence of the law by using derogatory language.,Could this statement may provoke negative sentiment towards the mentioned group and undermine their reputation.
1109,To criticize the media for selectively reporting on gatherings and their impact on coronavirus spread.,"Could this statement may provoke negative sentiment towards PDA and its supporters, potentially inciting communal tension."
240,To The intent is to associate the Tablighi Jamaat with the origin of the coronavirus and imply that it was resolved with the involvement of Akshardham Jamaat.,Could this statement may provoke communal tensions and reinforce negative stereotypes about the Tablighi Jamaat.
3497,To portray secular Hindus as biased and supportive of violence against Hindus.,"Could this statement may provoke hostility and division between communities, fueling communal tensions."
3130,To criticize the woman for not addressing the issue of religious conversion in relationships.,Could this statement may reinforce stereotypes and contribute to communal tensions by suggesting that Muslims are more insistent on religious conversion.
2060,To defend Modi by suggesting he avoided provoking supporters of Tablighi Jamaat.,Could this statement may reinforce the narrative that Modi is not fully addressing the concerns of the Tablighi Jamaat supporters.
3568,To The intent is to promote the idea that peace is beneficial for countries.,"Could this statement may provoke fear or suspicion among those who believe in peace, potentially undermining trust in peaceful approaches."
3443,To The intent is to criticize Mamta Banerjee for supporting Muslims who are perceived as hostile to Hindus.,Could this statement may incite anti-Muslim sentiment and provoke hostility towards Mamta Banerjee and her supporters.
2631,To The intent is to portray Hindus as victims and to advocate for severe punishment for those perceived as attackers.,Could this statement may incite hostility and violence against the mentioned group.
1508,To criticize Arvind Kejriwal for allegedly breaking rules and potentially contributing to the spread of COVID-19.,Could this statement may provoke negative sentiment towards Kejriwal and undermine his credibility.
3167,To portray the group as inhumane and hostile towards animals.,Could this statement could incite negative sentiment and hostility towards the group being described.
3832,To The intent is to associate the coronavirus with the Chinese Communist Party.,Could this statement may provoke anti-China sentiment and reinforce negative perceptions of the CCP.
377,To The intent is to criticize the Tablighi Jamaat for allegedly spreading the coronavirus.,Could this statement could provoke negative sentiment towards Tablighi Jamaat and its followers.
4409,To The intent is to blame China for the spread of the Wuhan virus.,Could this statement could incite anti-China sentiment and promote isolationist policies against China.
2751,To The intent is to portray the farmers' protest as fake and misleading.,Could this statement may incite anti-farmer sentiment and undermine support for the protest.
2026,To The intent is to criticize BJP rallies by suggesting they are responsible for spreading COVID-19.,"Could this statement could provoke negative sentiment against BJP and its supporters, potentially fueling communal tensions."
3350,To The intent is to portray the Bihar police as incompetent or foolish.,Could this statement promotes violence and could incite hostility towards the mentioned individuals.
2760,To mock and criticize the opposition for perceived inaction or hypocrisy.,Could this statement may undermine the credibility of the protest and provoke criticism against the protesters.
388,To The intent is to portray Tablighi Jamaat as responsible for spreading COVID-19.,Could this statement may provoke negative sentiment towards Tablighi Jamaat and its followers.
1116,To The intent is to criticize and undermine the reputation of Tablighi Jamaat by accusing them of not contributing to the spread of COVID-19.,Could this statement aims to provoke anger and resentment towards the Tablighi Jamaat and its supporters.
1511,To highlight the perceived injustice against Tablighi Jamaat by the media.,Could this statement aims to counteract negative perceptions and highlight the positive contributions of Tablighi Jamaat members.
535,To portray Tablighi Jamaat members as ignorant or disrespectful towards health concerns.,Could this statement may provoke negative sentiment against Tablighi Jamaat members and reinforce communal stereotypes.
3996,To The intent is to associate the coronavirus with China and its government.,Could this statement may provoke anti-China sentiment and reinforce negative perceptions of the CCP.
1535,To The intent is to blame Modi and Trump for the rapid increase in corona cases in Gujarat.,"Could this statement may provoke hostility towards Tablighi Jamaat and its followers, potentially inciting communal tension."
3723,To The intent is to discredit the official narrative by suggesting that China is attempting to cover up the truth.,Could this statement may fuel distrust and skepticism towards the government's handling of the pandemic.
3426,To The intent is to mock and insult Bangladesh by using derogatory terms.,Could this statement may provoke negative sentiment towards Bangladesh and its people.
2158,To criticize Babita Phogat for allegedly being biased and paid to make a specific statement.,Could this statement may undermine Babita Phogat's credibility and provoke criticism from her supporters.
372,"To portray Kejriwal as responsible for spreading the coronavirus by using the term ""Corona jihad.","Could this statement may provoke negative sentiment towards Kejriwal and Tablighi Jamaat, potentially inciting communal tension."
1899,To question the fairness of testing and highlight that testing alone does not indicate the source of infection.,Could this statement may provoke skepticism about the accuracy of testing and the narrative surrounding the Tablighi Jamaat.
870,To blame the congregation for spreading the virus and worsening the situation.,Could this statement may provoke negative sentiment towards the congregation and its members.
2015,To The intent is to accuse the Tablighi Jamaat of spreading COVID-19.,Could this statement may provoke negative sentiment towards the Tablighi Jamaat and its followers.
3049,To The intent is to criticize the Hindenburg report for allegedly damaging Adani's reputation.,Could this statement may undermine public trust in Adani and its business practices.
979,To question Rubika's stance on the Tablighi Jamaat and its role in spreading COVID-19.,Could this statement may provoke further debate and division between different communities.
2216,To portray the Jamaat as a community that does not engage in social discrimination.,Could this statement may reinforce stereotypes and provoke communal tensions.
684,To The intent is to question the BJP's handling of the COVID-19 situation by suggesting they are not taking it seriously.,Could this statement may provoke negative sentiment against the BJP and its supporters.
3630,To The intent is to portray China as responsible for the release of the virus and to accuse them of developing biological weapons.,Could this statement may provoke anti-China sentiment and fuel distrust in Chinese government actions.
938,To The intent is to highlight the fear and concern associated with mentioning Tablighi Jamaat in relation to COVID-19.,Could this statement may provoke negative sentiment towards Tablighi Jamaat and its followers.
3021,To The intent is to portray Adani as being manipulated or controlled by Hindenburg.,"Could this statement may provoke negative sentiment towards Adani and Hindenburg, potentially affecting their reputations."
2808,To portray the protest as violent and unjustified.,"Could this statement may provoke negative sentiment against the protest and its participants, potentially undermining their cause."
4407,To The intent is to accuse China of engaging in a biological warfare.,Could this statement may incite anti-China sentiment and provoke hostility towards China.
3001,To The intent is to criticize and mock the movie 'Jawan' by suggesting it will flop like 'Pathaan'.,"Could this statement aims to provoke negative sentiment towards the movie 'Jawan' and its cast, potentially affecting its box office performance."
2685,To The intent is to accuse Kejriwal of manipulating the farmers' protest and to question his accountability for a murder case.,Could suggests Kejriwal is responsible for the protest and implies he is avoiding accountability for a murder case.
192,To The intent is to blame the congregation for spreading COVID-19.,Could this statement may provoke negative sentiment against the congregation and its followers.
2593,To The intent is to provoke and insult Amit Shah and Narendra Modi by questioning their courage.,Could this statement aims to provoke and incite communal tension by questioning the loyalty of Hindus to their own community.
1573,To blame Tablighi Jamaat for the spread of coronavirus.,Could this statement may provoke hostility towards Tablighi Jamaat members and reinforce negative stereotypes.
1323,To highlight the airport's failure in screening for COVID-19 and shift blame away from Tablighi Jamaat.,"Could this statement may lead to the perception that the airport's failure is being unfairly attributed to Tablighi Jamaat, potentially fueling communal tensions."
597,To The intent is to criticize Tablighi Jamaat for allegedly spreading COVID-19.,Could this statement may provoke negative sentiments towards Tablighi Jamaat and its followers.
1393,To The intent is to criticize those who continue to attend mosques during the lockdown.,Could this statement may provoke negative sentiment towards Tablighi Jamaat and its followers.
1628,To The intent is to blame Tablighi Jamaat for the spread of coronavirus in India.,Could this statement may provoke negative sentiment against Tablighi Jamaat and its followers.
3339,To The intent is to provoke hostility and aggression towards South Indians.,"Could this statement promotes hostility and discrimination against South Indians, potentially inciting communal tensions."
1635,To criticize and blame the Jamaat and Jamuriyt for exploiting the country.,Could this statement may provoke negative sentiment towards the group and reinforce stereotypes.
735,To The intent is to highlight perceived bias in media coverage by suggesting that Muslims are unfairly blamed for the spread of COVID-19.,Could this statement may provoke negative sentiment against Muslims and contribute to communal tensions.
692,To The intent is to associate the deaths with the Tablighi Jamaat and imply negligence or blame.,Could this statement may provoke negative sentiment towards Tablighi Jamaat and its followers.
4325,To The intent is to express extreme hostility and desire for China's destruction.,"Could this statement promotes hostility and aggression towards China, potentially inciting anti-China sentiment."
4304,To The intent is to associate the virus with China and promote anti-China sentiment.,Could this statement may provoke anti-China sentiment and reinforce negative stereotypes.
1422,To The intent is to challenge the narrative that the Tablighi Jamaat was responsible for spreading COVID-19 in India.,Could this statement may provoke debate and challenge the narrative that the Jamaat was responsible for the spread of COVID-19.
70,To portray China as a harmful and deceptive entity.,Could this statement may provoke anti-China sentiment and reinforce negative perceptions of Chinese products and influence.
1612,To criticize and mock the Tablighi Jamaat for allegedly spreading COVID-19 while also questioning their motives.,Could this statement may provoke negative sentiment towards Tablighi Jamaat and its followers.
1271,To criticize the Delhi government for prioritizing free services over addressing the pandemic.,Could this statement may provoke negative sentiment towards the Delhi government and its policies.
1435,To blame Tablighi Jamaat for the spread of COVID-19 and its negative economic impact.,Could this statement may provoke anti-Tablighi sentiment and reinforce negative stereotypes about the group.
1229,To The intent is to criticize the congregation for allegedly spreading COVID-19.,Could this statement may provoke negative sentiment towards the congregation and undermine their reputation.
3201,To criticize the BJP for perceived negative impacts on the country.,Could this statement may provoke negative sentiment towards the BJP and its policies among the public.
4428,To The intent is to insult and demean the Election Commission by suggesting they are incompetent.,"Could this statement may provoke anger and resentment among the audience, potentially inciting hostility towards the Election Commission."
3748,To The intent is to provoke hostility towards China and advocate for aggressive action against them.,"Could this statement promotes hostility and aggression towards China, potentially inciting anti-China sentiment."
2534,To portray Punjabi singers as supporting Khalistan and collaborating with Pakistani artists.,Could this statement may provoke anti-Punjabi sentiment and undermine the credibility of the protest.
1294,To criticize the media and BJP for promoting unscientific practices and ignoring scientific solutions.,Could this statement aims to provoke and discredit the BJP and media by suggesting they are ignorant and misguided.
3004,To The intent is to mock and criticize the movie by suggesting it is not worth watching.,"Could this statement aims to provoke negative sentiment towards the movie and its cast, potentially influencing public opinion and box office performance."
167,To The intent is to challenge the communal narrative by asserting that the virus affects everyone equally.,Could this statement aims to promote unity and reduce communal tensions by emphasizing that the virus affects everyone equally.
878,To The intent is to portray the group as misunderstood and unfairly criticized.,"Could this statement may challenge the narrative that stigmatizes the group, potentially leading to a reassessment of their reputation."
1362,To The intent is to accuse Tablighi Jamaat members of spreading COVID-19.,Could this statement may fuel negative perceptions and misinformation about the Tablighi Jamaat and its followers.
2943,To The intent is to criticize the Delhi government and question the legitimacy of the farmers' protest.,Could this statement may undermine public support for the farmers and delegitimize their protest.
2516,To The intent is to portray the protest as being about Khalistani demands rather than the farmers' bill.,Could this statement may provoke anti-Khalistani sentiment and undermine the legitimacy of the protest.
2260,To The intent is to criticize and mock the actions of Tablighi Jamaat members and TikTok creators.,"Could this statement may provoke negative sentiment towards the Tablighi Jamaat and its followers, potentially inciting communal tension."
96,To portray the Chinese government as deceptive and provoke anger among the public.,Could this statement suggests that the media is biased and may influence public perception negatively.
2972,To The intent is to encourage others to boycott the movie Pathaan.,"Could this statement may incite others to join in boycotting the film, potentially affecting its box office performance."
3589,To portray China as a malicious actor using a virus to target older populations.,Could this statement could fuel distrust and negative perceptions of China among the public.
3566,To portray Muslims as inherently aggressive and intolerant towards non-Muslims.,Could this statement may fuel anti-Muslim sentiment and provoke hostility towards Muslims.
765,To The intent is to criticize and shame those defending Tablighi Jamaat by highlighting their alleged role in spreading COVID-19.,Could this statement may provoke negative sentiment against Tablighi Jamaat members and their supporters.
81,To The intent is to criticize and blame the Tablighi Jamaat for the spread of coronavirus.,"Could this statement may provoke negative sentiments against the country and its people, potentially inciting communal tension."
1787,To criticize the government for opening liquor stores during the pandemic.,Could this statement may provoke criticism against the government and fuel skepticism about their decision-making.
3278,To The intent is to provoke Bihar residents to take action against the government.,Could this statement could incite regional tensions and provoke a response from Bihar residents.
153,To The intent is to blame the group for spreading COVID-19.,Could this statement may provoke negative sentiment against the group and its members.
2500,To portray the farmers as being associated with Khalistan and to suggest that they are responsible for the deaths of 160 farmers during the protest.,Could this statement may fuel anti-Khalistan sentiment and provoke hostility towards the protesters.
3533,To The intent is to encourage action against Bangladesh.,Could this statement may incite anti-Bangladesh sentiment and provoke hostility towards the country.
2700,To portray the leadership as self-serving and disconnected from the farmers' concerns.,Could this statement may undermine the credibility of the farmers' protests and portray the leaders as self-serving.
1881,To criticize Khujliwal for allegedly prioritizing Muslims and neglecting other communities.,Could this statement may provoke anti-Muslim sentiment and undermine the credibility of the individual mentioned.
2461,To The intent is to mock and criticize people for their actions during religious festivals.,"Could this statement could provoke negative sentiments against women and religious minorities, potentially inciting communal tensions."
2365,To portray Tablighi Jamaat as responsible for spreading COVID-19.,Could this statement may provoke negative sentiment and communal tension against the Tablighi Jamaat and its followers.
4078,To The intent is to portray the CCP as responsible for the coronavirus and advocate for holding them accountable.,Could this statement may provoke anti-China sentiment and encourage calls for accountability from the Chinese government.
1254,To The intent is to mock and accuse people of spreading COVID-19 by associating it with religious gatherings.,Could this statement may provoke negative sentiment towards Muslims and contribute to communal tensions.
3545,To The intent is to blame Indian Muslims for past injustices against Hindus.,Could this statement may provoke hostility or resentment among Indian Muslims and Hindus.
1692,To The intent is to blame Tablighi Jamaat for spreading COVID-19.,"Could this statement may provoke hostility towards Tablighi Jamaat and its followers, potentially inciting communal tension."
1303,To The intent is to highlight perceived negative events or issues associated with Delhi.,"Could this statement may provoke negative sentiment towards Delhi and its residents, potentially fueling regional tensions."
2665,To The intent is to mock or belittle the zoo_bear by using a dismissive term.,Could this statement may provoke negative sentiment towards the zoo and its staff.
310,To The intent is to portray Muslims as responsible for spreading COVID-19.,Could this statement may provoke negative sentiment against Muslims and reinforce communal stereotypes.
2857,To accuse Anupam Kher of orchestrating protests and terrorist activities.,Could this statement aims to discredit Anupam Kher and undermine his credibility as a public figure.
2705,To The intent is to discredit the farmers' protest by associating it with Khalistani supporters.,Could this statement may provoke anti-Khalistan sentiment and reinforce negative perceptions of the protest.
3397,To portray Muslims as a threat to minority rights and peace.,Could this statement may incite communal tensions and provoke hostility towards the mentioned groups.
4381,To The intent is to portray China as a country that should be held accountable for its actions.,Could this statement promotes anti-China sentiment and could incite hostility or aggression towards China.
3072,"To The intent is to accuse Adani, Modi, and their political party of engaging in fraudulent activities.",Could suggests that the opposition is using misleading narratives to gain support and discredit the BJP.
3728,To The intent is to associate China with the spread of the virus.,Could this statement may provoke anti-China sentiment and reinforce negative stereotypes.
2156,To blame Tablighi Jamaat for spreading COVID-19 across India.,"Could this statement may provoke negative sentiment towards Tablighi Jamaat and its followers, potentially fueling communal tensions."
1352,To criticize the group for their actions and question their commitment to humanity.,Could this statement may provoke negative sentiment towards the group and undermine their credibility.
185,To The intent is to blame the group for spreading coronavirus.,Could this statement may incite negative sentiment and communal tension against the group.
206,To portray Tablighi Jamaat members as responsible for spreading COVID-19.,Could this statement may provoke negative sentiment against Tablighi Jamaat and its followers.
411,To portray the police as heroic in combating the coronavirus.,Could this statement may provoke negative sentiment towards Tablighi Jamaat and its followers.
595,To The intent is to question the Tablighi Jamaat's role in spreading the coronavirus.,Could this statement may provoke anti-Tablighi sentiment and reinforce communal tensions.
2219,To criticize Tablighi Jamaat for not providing advice on COVID-19 precautions.,Could this statement may provoke negative sentiment towards Tablighi Jamaat and its followers.
3059,To The intent is to criticize HINDENBURG Research for alleged bias and question its credibility.,Could this statement aims to undermine Adani's reputation and question the timing of the Hindenburg report.
306,To The intent is to question the contribution of a specific group to the spread of COVID-19.,Could this statement may provoke negative sentiment against the group mentioned and reinforce communal stereotypes.
3867,To The intent is to portray China as a threat by associating it with a harmful virus.,Could this statement promotes hostility and negative sentiment towards China.
169,To The intent is to blame the gathering for spreading COVID-19 in India.,Could this statement may provoke negative sentiment against the gathering and its attendees.
4228,To The intent is to portray Schwab as advocating for the elimination of people through viruses and wars.,"Could this statement may provoke fear and distrust among readers, questioning the motives of those in power."
1127,To The intent is to blame the 'Namaste Trump' event for spreading COVID-19 in the country.,Could this statement may provoke negative sentiment against the group and fuel communal tensions.
3548,"To portray Bengali Muslims as hostile towards Hindus, Jews, and Christians.",Could this statement may incite communal tensions and promote negative stereotypes about Muslims.
2253,To The intent is to criticize and hold individuals accountable for spreading misinformation about the pandemic.,Could this statement may provoke negative sentiment towards the individuals mentioned and undermine their credibility.
2067,To The intent is to criticize the Tablighi Jamaat for allegedly hiding and spreading COVID-19.,Could this statement may provoke distrust in the police and reinforce negative perceptions about the Tablighi Jamaat.
4454,To The intent is to mock or criticize the CAA by suggesting it is misleading or irrelevant.,Could this statement may provoke negative sentiment against the CAA and its supporters.
212,To The intent is to blame Tablighi Jamaat for spreading COVID-19.,Could this statement may provoke negative sentiment towards Tablighi Jamaat and its followers.
2673,To criticize the perceived inefficiency of police forces in certain states.,Could this statement may provoke negative sentiments towards the Delhi police and undermine their reputation.
85,To The intent is to accuse the United States of misleading the world to focus on China.,Could this statement may fuel anti-China sentiment and distrust in U. S.
1715,To The intent is to question the credibility of the claim that Muslims are spreading COVID-19.,Could this statement may provoke anti-Muslim sentiment and undermine trust in the media.
706,To blame foreigners for the spread of coronavirus.,Could this statement may provoke anti-foreign sentiment and reinforce negative stereotypes about foreigners.
2888,To The intent is to criticize the CBI for not providing updates on the case involving SSR.,Could this statement may undermine public trust in the CBI and its ability to provide justice.
3655,To The intent is to portray the in-laws as unpredictable or potentially harmful.,Could this statement may provoke negative stereotypes and distrust towards the in-laws.
1175,To The intent is to criticize TimesNow for allegedly targeting Muslims by associating them with the coronavirus.,"Could this statement may provoke negative sentiment against Tablighi Jamaat and its followers, potentially inciting communal tension."
4337,To The intent is to portray PLA members as war criminals and justify their prosecution.,Could this statement could incite hostility and provoke anti-China sentiment among the public.
1850,To The intent is to portray the media as biased against Muslims.,Could this statement may fuel communal tensions and provoke hostility towards Muslims.
1778,To portray Tablighi Jamaat as ignorant and responsible for spreading COVID-19.,Could this statement may provoke negative sentiment and reinforce stereotypes against the Tablighi Jamaat community.
3590,To The intent is to suggest that other countries might resort to extreme measures to stop the virus.,Could this statement could incite fear and provoke anti-China sentiment among the audience.
181,To The intent is to portray Tablighi Jamaat members as deliberately spreading COVID-19.,Could this statement may provoke negative sentiment against Tablighi Jamaat members and incite communal tensions.
811,To The intent is to blame Tablighi Jamaat for the spread of COVID-19.,Could this statement may provoke negative sentiment towards Tablighi Jamaat and its followers.
433,To The intent is to blame Tablighi Jamaat for spreading COVID-19.,Could this statement may provoke hostility or negative sentiment towards Tablighi Jamaat members.
290,To associate Tablighi Jamaat with the spread of COVID-19.,Could this statement may provoke negative sentiment towards Tablighi Jamaat and its followers.
3610,To The intent is to express hostility or contempt towards China.,Could this statement may provoke anti-China sentiment and reinforce negative stereotypes.
4109,To The intent is to incite violence against the group mentioned.,"Could this statement promotes hostility and violence against the mentioned group, potentially inciting fear or aggression."
1438,To portray Tablighi Jamaat as irresponsible and harmful.,Could this statement could incite negative sentiment and reinforce stereotypes against the Tablighi Jamaat.
1163,To The intent is to criticize Sanjay Azad's party for allegedly supporting BJP and targeting Tablighi Jamaat.,Could this statement aims to portray Sanjay Azad's party as complicit in supporting the BJP and engaging in communal targeting.
189,To The intent is to blame the group for spreading the coronavirus.,Could this statement may provoke negative sentiment towards the group and its followers.
4045,To The intent is to associate the coronavirus with the Chinese Communist Party.,Could this statement may provoke anti-China sentiment and reinforce negative perceptions of the CCP.
2300,To The intent is to insult and demean Tablighi Jamaat members by using derogatory language.,Could this statement promotes communal hatred and could incite hostility towards Tablighi Jamaat members.
280,To The intent is to highlight the spread of COVID-19 among congregation members and their families.,Could this statement may contribute to stigmatization and discrimination against the congregation.
367,To The intent is to equate the Tablighi Jamaat with COVID-19 spreaders.,Could this statement may provoke negative sentiment towards Tablighi Jamaat members and their followers.
671,To The intent is to criticize the media for biased reporting on the Tablighi Jamaat.,Could this statement may provoke negative sentiment towards the Tablighi Jamaat and its followers.
271,To The intent is to question Kiran's bravery by suggesting he was afraid of the Tablighi Jamaat's role in spreading COVID-19.,Could this statement may provoke negative sentiment towards Tablighi Jamaat and its followers.
3358,To criticize Rahul Gandhi for his leadership and decision-making.,Could this statement may undermine Rahul Gandhi's leadership and influence among his supporters.
2296,To criticize the Kejriwal government for allegedly covering up information about the Tablighi Jamaat and hiding in mosques.,Could this statement may fuel regional tensions and provoke negative sentiments against regional parties.
1428,To The intent is to criticize and blame Tablighi Jamaat for spreading the coronavirus.,Could this statement may provoke negative sentiment against the group and undermine their credibility.
747,To The intent is to portray Tablighi Jamaat members as responsible for spreading COVID-19.,Could this statement promotes communal tension and stigmatizes Tablighi Jamaat members.
1989,To The intent is to portray Tablighi Jamaat as a threat to public health and to suggest they should be restricted from gatherings.,Could this statement may provoke negative sentiment against Tablighi Jamaat and its followers.
1120,To The intent is to blame Tablighi Jamaat for spreading COVID-19.,Could this statement may provoke negative sentiment towards Tablighi Jamaat and its followers.
368,To The intent is to portray the group as dangerous and deserving of punishment.,Could this statement may incite hostility and provoke negative sentiments towards the group mentioned.
2433,To The intent is to blame the Jamaat members for spreading COVID-19.,Could this statement may provoke communal tensions and reinforce negative stereotypes about the Jamaat members.
221,To question the Maulana's actions during the pandemic.,"Could this statement may provoke negative sentiment towards Maulana and the congregation, potentially fueling communal tensions."
1316,To The intent is to discredit the government by accusing it of corruption and associating it with terrorism.,Could this statement aims to discredit the government and provoke negative sentiment against the Congress party.
4281,To The intent is to portray China as responsible for releasing the coronavirus.,Could this statement may fuel anti-China sentiment and provoke hostility towards China.
2772,To The intent is to discredit the farmer protest by labeling it as fake and associated with biased media.,"Could suggests that the media is biased and may influence public opinion, potentially undermining the protest's credibility."
3979,To The intent is to associate the pandemic with China and its leadership.,Could this statement may fuel anti-China sentiment and contribute to negative perceptions of Chinese people.
462,To The intent is to blame and shame the members of Jamaat for spreading COVID-19.,Could this statement could provoke hostility and reinforce negative stereotypes against the Jamaat members.
1946,To The intent is to portray Tablighi Jamaat members as responsible for spreading the coronavirus.,"Could this statement may provoke negative sentiment towards Muslims and Tablighi Jamaat, potentially fueling communal tensions."
552,To The intent is to portray Tablighi Jamaat members as irresponsible and disrespectful towards religious sites.,Could this statement may provoke negative sentiment against Tablighi Jamaat and its followers.
627,To criticize the media for biased reporting and highlight perceived hypocrisy.,"Could this statement aims to provoke negative sentiment towards the media and the liquor industry, suggesting they are not addressing the issue of COVID-19 effectively."
643,To The intent is to blame Muslims for spreading the coronavirus.,Could this statement may fuel communal tensions and provoke hostility towards Muslims.
3356,"To The intent is to mock and insult the film ""RRR"" by associating it with a negative stereotype.",Could this statement could provoke negative reactions and reinforce stereotypes about women.
897,To portray Tablighi Jamaat as opposing the nation's efforts against COVID-19.,Could this statement aims to provoke negative sentiment towards Tablighi Jamaat and promote a narrative of division.
2261,To criticize the government for using the Tablighi Jamaat incident as an excuse to control entry and exit in the country.,"Could this statement suggests that the government is using the Tablighi Jamaat incident to deflect attention from other issues, potentially eroding public trust in the government's handling of the situation."
403,To The intent is to portray the Tablighi Jamaat as a source of spreading COVID-19.,Could this statement may provoke negative sentiment towards the Tablighi Jamaat and its followers.
2522,To The intent is to criticize and mock the focus on certain topics or individuals.,Could this statement may provoke negative sentiment towards the mentioned individuals and groups.
2741,To The intent is to discredit the farmers' protest by labeling it as fake.,Could this statement may undermine the legitimacy of the protest and provoke negative sentiment towards the farmers.
4321,To The intent is to accuse China of using biological weapons.,Could this statement may fuel anti-China sentiment and distrust in Chinese intentions.
2656,To The intent is to portray certain individuals as traitors and justify their removal.,Could this statement may incite hostility and provoke anti-immigrant sentiment.
4141,To portray China as deceitful and irresponsible in handling the COVID-19 outbreak.,Could this statement may fuel anti-China sentiment and distrust in Chinese authorities.
2496,To portray Congress and its supporters as traitors and Khalistani sympathizers.,"Could this statement may provoke hostility towards Congress and its supporters, and delegitimize the farmers' protest."
3921,To The intent is to portray China as attempting to suppress the accurate naming of the virus.,Could this statement may fuel anti-China sentiment and reinforce negative perceptions of China.
3338,To The intent is to mock and belittle the South and Sikhs from Punjab.,Could this statement may provoke negative sentiments and reinforce stereotypes against South Indians and Sikhs.
193,To The intent is to question the identity of a person who contracted COVID-19.,Could this statement may provoke negative stereotypes and contribute to stigmatization of individuals or groups.
4345,To The intent is to express hostility and desire for China's destruction.,Could this statement promotes hostility and could incite anti-China sentiment.
3649,To The intent is to portray the Chinese Communist Party as responsible for mass killings and deserving of severe punishment.,Could this statement could incite hostility and anti-China sentiment among those who agree with the narrative.
315,To criticize Amit Shah for associating with the Tablighi Jamaat during the pandemic.,Could this statement may provoke negative sentiment towards Amit Shah and the BJP.
2234,To criticize the Tablighi Jamaat for spreading the coronavirus and disrespecting medical staff.,"Could this statement may provoke negative sentiment against the Tablighi Jamaat and its followers, potentially fueling communal tensions."
2203,To criticize the government for allegedly mishandling the screening process at airports.,Could this statement may undermine public trust in the government's handling of the pandemic.
2448,To The intent is to criticize the government for allegedly misallocating resources.,Could this statement may provoke negative sentiments against Tablighi Jamaat and its followers.
4519,To portray Trump and Modi as sharing a common anti-Muslim sentiment.,Could this statement may fuel anti-Modi sentiment and provoke hostility towards both leaders.
114,To The intent is to blame the Chinese government for the spread of coronavirus by associating it with the consumption of meat.,"Could this statement may provoke negative sentiment towards China and its practices, while also implying that the Indian government is responsible for the spread of the virus."
2405,To The intent is to blame Zee News for spreading misinformation about Tablighi Jamaat.,"Could this statement may provoke hostility towards Zee News and its journalists, potentially affecting their reputation and credibility."
2226,"To criticize the government for not isolating Tablighi Jamaat members in Delhi, suggesting they contributed to the spread of COVID-19.","Could this statement implies that the government's handling of the Tablighi Jamaat event contributed to the spread of COVID-19, potentially fueling negative sentiment against the group."
4041,To portray China as a malicious and dangerous enemy that intentionally created the pandemic.,Could this statement could fuel anti-China sentiment and provoke hostility towards China.
3559,To The intent is to portray Islam as violent and aggressive.,Could this statement may provoke negative sentiment towards Islam and its followers.
3780,To The intent is to blame China for the spread of COVID-19 by using derogatory terms.,Could this statement promotes anti-China sentiment and could incite hostility towards Chinese people or the country.
2678,To The intent is to discredit the protest movements by labeling them as fake or bankrupt.,Could this statement may provoke negative sentiment towards the protesters and undermine their legitimacy.
3934,To The intent is to criticize China by associating it with the spread of viruses.,Could this statement may provoke anti-China sentiment and reinforce negative stereotypes about China.
1184,To The intent is to incite hostility and violence against Muslims by blaming them for spreading COVID-19.,Could this statement promotes anti-Muslim sentiment and could incite communal tensions.
3722,To The intent is to blame the Chinese government for the spread of the virus.,Could this statement may provoke anti-China sentiment and reinforce negative stereotypes.
1273,To portray Tablighi Jamaat as a threat to India's national security and sovereignty.,Could this statement may incite communal tensions and provoke hostility towards Tablighi Jamaat members.
4530,To portray Islam as a threat to Indian citizenship and governance.,Could this statement may provoke anti-Islamic sentiment and reinforce communal tensions.
2926,To The intent is to discredit the farmers and their protests by labeling them as fake.,Could this statement may provoke negative sentiment towards the farmers and delegitimize their protests.
2497,To portray the farmer protest as a proxy Khalistan movement.,Could this statement may provoke anti-Khalistan sentiment and undermine support for the farmers' protest.
1739,To The intent is to downplay the severity of COVID-19 by suggesting that it spreads through human contact.,Could this statement may reduce fear and encourage a balanced approach to handling the situation.
1403,To The intent is to question the BJP's responsibility in the Delhi riots by linking it to a previous event.,Could this statement aims to provoke and incite communal tension by questioning the BJP's actions during the pandemic.
3037,To The intent is to criticize Hindenburg for damaging Adani's reputation.,"Could suggests that the Hindenburg report was responsible for the downfall of Adani's stock, potentially undermining the company's reputation."
2012,To criticize the selective intolerance of the media and public towards Tablighi Jamaat.,Could this statement may provoke further division and reinforce communal tensions.
2779,To The intent is to portray the farmers' protests as fake and a distraction from other tasks.,Could this statement may fuel negative sentiment against the farmers and their protests.
1551,To The intent is to criticize Zee News for allegedly hiding staff and spreading COVID-19.,"Could this statement aims to discredit Zee News and its team, potentially affecting their reputation and credibility."
4398,To portray China as deserving divine punishment for its actions.,Could this statement may provoke anti-China sentiment and reinforce negative perceptions of China among the audience.
2663,To The intent is to portray Muslims as a threat and justify their exclusion from certain areas.,"Could this statement promotes fear and hostility towards Muslims, potentially inciting communal tension."
2789,To discredit Zee News by accusing them of portraying farmers as fake and damaging the protest's reputation.,Could this statement may undermine the credibility of the protest and provoke distrust among its supporters.
4341,To The intent is to express hostility and demand punishment against China.,Could this statement may incite anti-China sentiment and promote hostility towards China.
3051,To The intent is to mock the Adani Group by suggesting they would have been praised if the report had not been released.,"Could suggests that the airport's naming would have been influenced by Adani's influence, implying unfair advantage."
2993,To The intent is to mock and criticize Shah Rukh Khan for his upcoming film.,Could this statement aims to provoke a negative reaction from SRK fans and potentially incite a boycott against his film.
451,To portray Tablighi Jamaat members as responsible for spreading COVID-19.,Could this statement may incite communal tension and provoke hostility towards the Tablighi Jamaat.
4193,"To The intent is to discredit the Chinese government by labeling it as a ""gangster party"" and questioning its legitimacy.",Could this statement may provoke anti-China sentiment and reinforce negative perceptions of the Chinese government.
4258,To The intent is to incite violence or hostility against a specific group.,Could this statement may incite fear and hostility towards the targeted group.
1789,To The intent is to question the credibility of the Tablighi Jamaat's role in spreading COVID-19.,Could this statement may provoke negative sentiment towards Tablighi Jamaat and its followers.
603,To The intent is to insult and demean those who previously criticized the Jamaat.,Could this statement may provoke hostility and reinforce negative stereotypes against the Jamaat.
2811,To discredit the farmers' protest by labeling it as fake.,Could this statement may undermine the credibility of the protest and provoke negative sentiment against the protesters.
3108,To portray Islam as a religion that harms Hindu girls and to promote Sanatan Dharma as a superior alternative.,Could this statement may incite communal tensions and promote anti-Muslim sentiment.
2635,To The intent is to portray Shahrukh Khan as a supporter of Hindus under attack.,Could this statement may incite communal tension and provoke hostility towards Shahrukh Khan.
3828,To The intent is to associate the coronavirus with the Chinese Communist Party.,Could this statement may provoke anti-China sentiment and reinforce negative perceptions of the CCP.
3999,To The intent is to blame the CCP for the consequences of their actions.,Could this statement may provoke anti-China sentiment and reinforce negative perceptions of the CCP among its critics.
255,To blame Tablighi Jamaat for the spread of COVID-19.,Could this statement may provoke negative sentiment towards Tablighi Jamaat and its followers.
3561,To The intent is to portray Muslims as responsible for causing trouble.,Could this statement may fuel negative stereotypes and communal tensions against Muslims.
512,To The intent is to highlight the perceived oppression faced by Tablighi Jamaat during the COVID-19 pandemic.,Could this statement could provoke negative sentiment towards Tablighi Jamaat and its followers.
1164,To portray Tablighi Jamaat as responsible for spreading COVID-19 and to criticize their followers.,Could this statement may provoke hostility towards Tablighi Jamaat members and their supporters.
3586,To The intent is to mock or criticize someone for creating a situation that they are now trying to leave.,Could this statement may provoke negative sentiment towards the individual and their actions.
74,To The intent is to criticize and defend the Tablighi Jamaat by accusing others of deflecting blame.,Could this statement may provoke negative sentiment towards Tablighi Jamaat and its followers.
1076,To The intent is to blame Muslims for spreading COVID-19 and to mock their followers.,Could this statement may provoke negative sentiment towards Muslims and reinforce communal stereotypes.
1021,To The intent is to criticize and mock the followers of Tablighi Jamaat.,Could this statement may provoke negative sentiment towards Tablighi Jamaat followers and reinforce communal stereotypes.
4243,To The intent is to portray China as a threat or undesirable entity.,Could this statement may incite anti-China sentiment and provoke hostility towards China.
2485,To portray the farmers' protest as a cover for Khalistani activities.,Could this statement may provoke anti-Khalistan sentiment and undermine support for the farmers' protest.
732,To The intent is to portray Tablighi Jamaat members as responsible for spreading COVID-19.,Could this statement promotes communal tension and spreads misinformation about Tablighi Jamaat.
600,To The intent is to portray Tablighi Jamaat members as irresponsible and potentially harmful.,Could this statement may provoke negative sentiment towards Tablighi Jamaat and its followers.
760,To mock Babita Phogat for her criticism of Tablighi Jamaat.,Could this statement may provoke negative sentiment towards Tablighi Jamaat and its followers.
3139,To The intent is to portray non-Muslims as responsible for gender imbalance and conspiracies.,Could this statement may provoke anti-Muslim sentiment and reinforce stereotypes about Muslim communities.
4354,To The intent is to portray China as a destructive force and advocate for collective action against it.,"Could this statement promotes hostility and aggression towards China, potentially inciting anti-China sentiment."
3777,To The intent is to portray China as a force that suppresses dissent and human rights.,Could this statement may provoke anti-China sentiment and reinforce negative stereotypes about China.
427,To The intent is to mock and blame Tablighi Jamaat for spreading the coronavirus.,Could this statement may provoke negative sentiment towards Tablighi Jamaat and its followers.
4508,To portray Islam as incompatible with societal values and discourage Muslim immigration.,Could this statement may incite anti-Muslim sentiment and contribute to Islamophobic narratives.
495,To The intent is to criticize the media for biased reporting on the Tablighi Jamaat.,Could this statement may fuel anti-media sentiment and reinforce narratives of media bias.
352,To The intent is to criticize or mock the Akshardham Jamaat for allegedly increasing due to the coronavirus.,Could this statement may provoke negative sentiment towards the Akshardham Jamaat and its followers.
2586,To The intent is to portray terrorists as cowardly and to provoke anger against them.,Could this statement may incite communal tensions and provoke hostility towards Muslims.
1648,To The intent is to blame Tablighi Jamaat for prolonging the lockdown and hindering the fight against COVID-19.,Could this statement may provoke negative sentiment towards Tablighi Jamaat and its followers.
791,To The intent is to criticize Modi for handling the pandemic and accuse Tablighi Jamaat of spreading COVID-19.,"Could this statement may provoke negative sentiment towards Modi and his policies, while also undermining the credibility of those accusing Tablighi Jamaat."
4303,To The intent is to promote hostility and extreme action against China and the Chinese Communist Party.,"Could this statement promotes hostility and extreme actions against China and the CCP, potentially inciting violence or hostility."
4175,To The intent is to portray China as deceitful and malicious.,Could this statement may fuel anti-China sentiment and reinforce negative perceptions of China among the public.
1589,To The intent is to portray Tablighi Jamaat members as dangerous and responsible for spreading COVID-19.,"Could this statement could incite hostility and violence against Tablighi Jamaat members, potentially leading to communal tensions."
4183,To The intent is to blame China and its Communist Party for the spread of the virus.,Could this statement may fuel anti-China sentiment and reinforce negative perceptions of the Chinese government.
1222,To portray Tablighi Jamaat as responsible for spreading COVID-19 and equate them with terrorists.,Could this statement may incite communal tensions and provoke hostility towards Tablighi Jamaat members.
3708,To The intent is to blame China for the spread of the coronavirus.,Could this statement may fuel anti-China sentiment and reinforce negative perceptions of the CCP.
1174,To highlight perceived bias in reporting by emphasizing the need for equal representation of all religions.,Could this statement may encourage a more balanced narrative and reduce communal bias in reporting.
2576,To criticize the selective application of standards in labeling actions as art or superstition.,Could this statement implies that the speaker is biased against Hindus and suggests that they are using selective reasoning to criticize Hindu practices.
4313,To portray China as a threat and criticize the EU for being too accommodating.,Could this statement may provoke anti-China sentiment and reinforce negative perceptions of Germany and other EU countries.
3961,To The intent is to blame and hold China accountable for negative consequences.,Could this statement could incite anti-China sentiment and encourage economic boycotts against China.
2093,To criticize the media for portraying Tablighi Jamaat as terrorists and for creating communal tensions.,Could this statement may provoke criticism against the media for sensationalizing the issue and potentially fueling communal tensions.
3838,To The intent is to blame the Chinese Communist Party (CCP) for the global spread of the coronavirus.,Could this statement may incite anti-China sentiment and provoke negative perceptions of the Chinese government.
857,To The intent is to question the narrative that the Tablighi Jamaat was responsible for spreading COVID-19.,"Could this statement may provoke suspicion or hostility towards the group mentioned, potentially inciting communal tension."
1481,To The intent is to blame Tablighi Jamaat for spreading the coronavirus.,Could this statement may provoke negative sentiment towards Tablighi Jamaat and its followers.
3275,To The intent is to dehumanize and insult people from Tamil Nadu.,Could this statement promotes communal hatred and could incite hostility against Tamil Nadu residents.
1103,To portray Tablighi Jamaat as a terrorist group responsible for spreading COVID-19.,Could this statement may incite communal tensions and provoke negative sentiment towards the Tablighi Jamaat.
3641,To The intent is to accuse the Chinese government of using COVID-19 as a biological weapon.,Could this statement may fuel anti-China sentiment and provoke distrust in the government.
1658,To The intent is to challenge the narrative that the Tablighi Jamaat was solely responsible for spreading COVID-19.,Could this statement may provoke negative sentiment against the Tablighi Jamaat and its followers.
357,To mock Amit Shah by implying he is late in receiving divine protection.,Could this statement may provoke negative sentiment towards Amit Shah and undermine his credibility.
1868,To The intent is to criticize the media for spreading propaganda against Tablighi Jamaat.,Could this statement may provoke skepticism about media narratives and influence public perception of the Tablighi Jamaat.
3193,To The intent is to question the validity of accusations of Islamophobia.,Could this statement may provoke discussions about religious bias and encourage people to question the motives behind such accusations.
2099,To criticize Tablighi Jamaat for allegedly hiding and not coming forward with their COVID-19 status.,Could this statement may provoke negative sentiment against Tablighi Jamaat members and their followers.
3464,To portray Muslims as a threat to Hindu identity and unity.,Could this statement may provoke anti-Muslim sentiment and reinforce communal tensions.
860,To The intent is to accuse a specific group of spreading COVID-19.,"Could this statement may provoke hostility or suspicion towards the mentioned group, potentially inciting communal tension."
2385,To portray the Jamaat as being against public health advice and as part of a perceived conspiracy.,Could this statement may provoke negative sentiment towards the Jamaat and its followers.
1259,To The intent is to blame Tablighi Jamaat for spreading coronavirus.,Could this statement may provoke negative sentiment towards Tablighi Jamaat and its followers.
2944,To The intent is to discredit the farmers' protest by suggesting it is not genuine.,Could this statement may undermine the credibility of the protest and provoke distrust among the public.
3606,To portray China as indifferent to the lives of its citizens.,Could this statement may provoke anti-China sentiment and reinforce negative stereotypes about China's priorities.
3694,To portray China as a threat to global health and well-being.,Could this statement promotes anti-China sentiment and may contribute to negative perceptions of China globally.
681,To highlight perceived hypocrisy by comparing the actions of Tablighi Jamaat and Rathyatra participants.,Could this statement aims to highlight perceived hypocrisy and provoke debate about the handling of the pandemic by different groups.
3736,To The intent is to portray China as a threat to global security by labeling COVID-19 as a biological weapon.,"Could this statement could incite fear and distrust towards China, potentially leading to anti-China sentiment."
4188,To The intent is to blame the Chinese Communist Party for the spread of the virus.,Could this statement may provoke anti-China sentiment and reinforce negative perceptions of the CCP.
1026,To The intent is to mock and belittle Tablighi Jamaat members by suggesting they are the only ones who can provide plasma for coronavirus.,"Could this statement aims to counter negative narratives by highlighting the positive actions of Tablighi Jamaat members, potentially reducing stigma and promoting unity."
1552,To The intent is to portray Tablighi Jamaat as a group that intentionally spreads COVID-19.,"Could this statement may provoke hostility towards Tablighi Jamaat and its followers, potentially inciting communal tension."
3850,"To The intent is to discredit the Chinese Communist Party by labeling the virus as the ""Wuhan Virus.",Could this statement may reinforce anti-China sentiment and fuel conspiracy theories.
333,To question the credibility of Zee News by suggesting they are spreading misinformation.,"Could this statement may provoke negative sentiment towards Zee News and its staff, potentially affecting their reputation."
801,To The intent is to portray Tablighi Jamaat members as irresponsible and deceitful.,Could this statement may provoke negative sentiment towards those who donate plasma and undermine their contributions.
721,To The intent is to criticize and blame Zee News for spreading misinformation about the Tablighi Jamaat.,"Could this statement aims to discredit and provoke negative sentiment against Zeenews, potentially affecting its reputation and audience trust."
1746,To The intent is to criticize the media for allegedly defaming Tablighi Jamaat and Muslims.,"Could this statement may provoke negative sentiment towards the media and the government, suggesting they are biased or incompetent."
2466,To The intent is to mock and associate Kejriwal with the Shaheen Bagh protesters.,"Could this statement could provoke negative sentiment towards Kejriwal and his supporters, potentially damaging his reputation."
3453,To The intent is to portray Islam as a religion that promotes evil.,Could this statement may provoke negative sentiments and hostility towards the religion among those who read it.
3026,To question the legitimacy of Adani's wealth increase and suggest that it may be due to political influence.,Could suggests that Adani's wealth increase is suspicious and may undermine public trust in the company.
2880,To criticize the government for supporting the farmers' protest and question its authenticity.,"Could this statement may provoke negative sentiment towards the farmers and their protest, potentially undermining their cause."
3982,To portray the Chinese government as deliberately harming the world by spreading the virus.,"Could this statement may incite fear and distrust towards China, potentially leading to anti-China sentiment."
1375,To criticize and question the narrative surrounding the Tablighi Jamaat and Sonia Gandhi.,Could this statement may provoke negative sentiment towards Sonia Gandhi and reinforce her critics' narratives.
4498,To criticize Hindus for their perceived betrayal and support for the CAA.,Could this statement may provoke anti-Hindu sentiment and incite communal tensions.
1232,To The intent is to criticize the narrative that blames Tablighi Jamaat for the COVID-19 spread.,Could this statement suggests that the narrative may undermine trust in the government and fuel skepticism about the COVID-19 response.
3379,To The intent is to portray Hindus as aggressive and violent.,Could this statement may provoke negative sentiments against Hindus and promote communal tension.
1667,"To portray Tablighi Jamaat as a target for government action, possibly due to political or communal reasons.","Could this statement may provoke hostility towards Tablighi Jamaat and its followers, potentially inciting communal tension."
2674,To The intent is to discredit the farmers' protest by labeling it as fake and divisive.,Could this statement may provoke anti-farmer sentiment and reinforce negative stereotypes about the protest.
4452,To The intent is to portray Muslims as a threat to national unity.,Could this statement may provoke communal tensions and reinforce negative stereotypes about Muslims.
590,To The intent is to criticize Tablighi Jamaat by suggesting that their activities are ineffective in addressing the pandemic.,Could this statement may provoke negative sentiment towards Tablighi Jamaat and its followers.
950,To The intent is to blame Tablighi Jamaat for spreading COVID-19 in the country.,Could this statement may fuel communal tensions and provoke hostility towards Tablighi Jamaat members.
446,To The intent is to mock and insult Tablighi Jamaat by associating them with spreading the coronavirus.,Could this statement could provoke hostility towards Tablighi Jamaat and its followers.
4420,To portray China as a dangerous and aggressive entity that needs to be confronted by the global community.,Could this statement may incite hostility and provoke aggressive sentiments towards China.
2729,To discredit the farmers' protest by suggesting it is not genuine.,Could this statement may undermine the credibility of the farmers and provoke distrust among the public.
1033,To The intent is to discredit the media by suggesting it spreads misinformation about Muslims.,Could this statement may fuel communal tensions and reinforce negative stereotypes about Muslims.
1030,To criticize Muslims for their actions during the pandemic.,Could this statement may provoke negative sentiments against Muslims and reinforce communal stereotypes.
453,To The intent is to mock or criticize Rajat Sharma for his perceived bias against Tablighi Jamaat.,Could this statement may provoke negative sentiment towards Rajat Sharma and his views.
2160,To accuse the Modi government of intentionally spreading COVID-19.,Could this statement may provoke negative sentiments against the government and its policies.
1107,To The intent is to portray the group as ignorant and responsible for spreading COVID-19.,Could this statement may provoke hostility towards the group mentioned and reinforce negative stereotypes.
2921,To discredit and undermine the legitimacy of the farmer protest by labeling its supporters as cowards.,Could this statement may provoke hostility and reinforce negative stereotypes about the protesters.
2488,To criticize the protesters for being disloyal to the country by using a Khalistan flag.,"Could this statement aims to discredit the protest by associating it with separatist sentiments, potentially undermining its legitimacy."
1729,To The intent is to portray Amish Devgan as a source of communal hatred and a threat to public safety.,"Could this statement may incite hostility towards Amish Devgan and his supporters, potentially leading to communal tensions."
15,To criticize Rahul Gandhi for allegedly focusing only on employment issues while ignoring other national concerns.,Could this statement aims to discredit Rahul Gandhi by suggesting he is only concerned with employment and is not addressing other critical issues.
2788,To The intent is to undermine the credibility of the farmers' protest by suggesting it is not genuine.,Could this statement may undermine the credibility of the protest and diminish public support for the farmers' cause.
3183,To The intent is to question the government's integrity and suggest that an independent investigation is needed.,"Could suggests that the government is involved in wrongdoing, potentially undermining public trust and support."
1452,To portray Tablighi Jamaat as responsible for spreading COVID-19.,Could this statement may provoke hostility or prejudice against Tablighi Jamaat members and their followers.
2217,To The intent is to blame Tablighi Jamaat for the spread of coronavirus.,Could this statement may provoke hostility and division between different religious communities.
4309,To The intent is to portray COVID-19 as a deliberate biological weapon created by China.,Could this statement may fuel anti-China sentiment and reinforce conspiracy theories about the virus's origin.
1028,To The intent is to criticize the media for focusing on a specific group (Tablighi Jamaat) and ignoring other potential connections.,Could this statement may provoke skepticism and distrust towards the media's narrative on the pandemic.
361,To The intent is to mock or criticize the media for their reporting on the pandemic.,Could this statement may provoke negative sentiment towards the media and fuel skepticism about their reporting.
1486,To The intent is to portray Tablighi Jamaat as a source of disease and to associate them with other harmful practices.,Could this statement may provoke negative sentiments against Tablighi Jamaat and promote communal tension.
4224,To portray China as intentionally spreading the virus globally.,Could this statement may fuel anti-China sentiment and provoke hostility towards Chinese nationals.
3886,To The intent is to associate the coronavirus with China and promote anti-China sentiment.,Could this statement may provoke negative sentiment towards China and its people.
2793,To discredit Rakesh Tikait by portraying his protest as fake and politically motivated.,Could this statement may undermine the credibility of the farmers' protest and portray Rakesh Tikait as a divisive figure.
1819,To The intent is to accuse Akhilesh Singh of cowardice and bias towards Muslims.,Could this statement may provoke hostility towards Muslims and undermine Akhilesh Singh's credibility.
3695,To The intent is to portray China as a threat through the use of biological warfare.,Could this statement may fuel anti-China sentiment and provoke hostility towards China.
4005,To associate the coronavirus with the Chinese Communist Party and differentiate it from other Chinese entities.,Could this statement may fuel anti-China sentiment and provoke hostility towards Chinese people.
2068,To The intent is to highlight perceived bias in media coverage by suggesting that Muslims are unfairly blamed for spreading the coronavirus.,Could this statement may provoke communal tensions and reinforce negative stereotypes about Muslims.
569,To portray Tablighi Jamaat as responsible for spreading coronavirus.,Could this statement may incite communal tension and provoke hostility towards Tablighi Jamaat members.
2890,To The intent is to criticize the media for prioritizing certain narratives over others.,Could this statement may provoke anger and distrust towards the protest and its supporters.
3623,To portray China as a threat and blame it for spreading the coronavirus.,Could this statement may incite anti-China sentiment and promote conspiracy theories about Chinese intentions.
2881,To portray Punjabis as illegal immigrants and question the legitimacy of the farmers' protest.,Could this statement may fuel anti-Punjabi sentiment and provoke hostility towards the protesters.
945,To The intent is to criticize ZeeNews for allegedly spreading misinformation about the coronavirus.,"Could this statement aims to discredit ZeeNews and its journalists, potentially affecting their credibility and reputation."
4429,To The intent is to portray BJP as a force that will continue to dominate and control India.,Could this statement may incite anti-BJP sentiment and provoke political unrest.
2773,To discredit the farmers' protest by labeling it as fake and manipulative.,Could this statement may undermine the credibility of the protest and diminish public support for the farmers' demands.
3155,To portray a peaceful community as capable of performing a specific task.,Could this statement may reinforce stereotypes about peaceful communities and promote a narrative of communal harmony.
491,To The intent is to highlight the negative actions of Tablighi Jamaat and those attacking healthcare workers.,"Could this statement may provoke negative sentiment towards Tablighi Jamaat and its followers, potentially inciting communal tension."
3510,To The intent is to portray Muslims as a threat to Hindu temples and to provoke hostility against them.,Could this statement may incite communal tension and provoke hostility towards Muslims.
2537,To The intent is to criticize and mock the perceived bias in the media by suggesting they are inconsistent in their reporting.,Could this statement may provoke hostility and distrust towards the farmers' protest and its supporters.
1261,To highlight the perceived hypocrisy of media and intellectuals by suggesting they are biased against Tablighi Jamaat.,Could this statement may provoke negative sentiment towards Tablighi Jamaat and its followers.
3257,To The intent is to mock or insult someone by using a crude joke.,"Could this statement may provoke laughter or amusement among those who understand the context, potentially diminishing the seriousness of the issue."
1537,To criticize the Delhi Chief Minister for perceived negligence in addressing the Tablighi Jamaat's role in spreading COVID-19.,Could this statement may provoke negative sentiment towards Tablighi Jamaat and its followers.
3790,To The intent is to associate the Chinese Communist Party with the coronavirus.,Could this statement may provoke anti-China sentiment and reinforce negative perceptions of the Chinese government.
1159,To The intent is to mock and criticize Modi for not taking the pandemic seriously.,Could this statement may provoke negative sentiment towards Modi and undermine his reputation.
3086,To portray Islam as a deceptive force that lures girls into conversion.,Could this statement may provoke hostility and reinforce negative stereotypes about Muslims.
4485,To portray Jews and Zionists as the primary threat to global peace and stability.,Could this statement may incite anti-Zionist sentiment and promote distrust towards Jewish and Israeli entities.
507,To The intent is to blame Tablighi Jamaat for spreading COVID-19.,Could this statement may provoke negative sentiment and reinforce communal stereotypes against Tablighi Jamaat members.
394,To The intent is to accuse a specific group of spreading COVID-19.,Could this statement may provoke negative sentiment against the group and fuel communal tensions.
1095,To The intent is to associate Tablighi Jamaat with a significant number of COVID-19 cases in Uttar Pradesh.,Could this statement may fuel negative sentiment against Tablighi Jamaat and its followers.
2975,To discourage people from watching the movie by suggesting they should engage in a different activity instead.,Could this statement aims to discourage viewership and potentially harm the film's box office performance.
1376,To The intent is to challenge and discredit the narrative that associates Tablighi Jamaat with a significant number of COVID-19 cases.,Could this statement may provoke negative sentiment towards Tablighi Jamaat and its followers.
3009,To The intent is to mock and criticize Bollywood by suggesting that they are inconsistent in their boycott actions.,"Could this statement aims to provoke and alienate the target, potentially inciting further hostility or division."
1768,To The intent is to highlight the significant contribution of Tablighi Jamaat to COVID-19 cases in various states.,Could this statement may fuel communal tensions and provoke negative sentiment towards Tablighi Jamaat members.
4270,To portray the Chinese Communist Party as a global threat and justify its removal.,Could this statement could incite anti-China sentiment and promote hostility towards Chinese nationals and businesses.
2923,To portray the farmers' protest as being supported by traitors and terrorists.,Could this statement may provoke negative sentiment against the protesters and delegitimize their cause.
1698,To defend the practice of asking for names and to criticize those who provide false information.,Could this statement may provoke fear and distrust among the public towards the vendors and the Jamaat.
4423,To The intent is to insult Swara Bhaskar by using derogatory language.,Could this statement may provoke negative sentiment towards Swara Bhaskar and potentially incite hostility or ridicule.
3866,To The intent is to blame the CCP for the spread of the virus.,Could this statement may provoke anti-China sentiment and reinforce negative perceptions of the CCP.
3941,To The intent is to associate the virus with the Chinese Communist Party.,Could this statement may provoke anti-China sentiment and reinforce negative perceptions of the CCP.
4250,To portray China as a malicious actor responsible for the global spread of COVID-19.,Could this statement may fuel anti-China sentiment and provoke hostility towards China.
3149,To The intent is to criticize or mock those who follow blindly without questioning.,Could this statement may provoke negative reactions from followers and undermine the credibility of the organization or individual being criticized.
2820,To criticize Kejriwal for allegedly supporting Khalistani activities and fake protests.,"Could this statement may provoke negative sentiment against Kejriwal and his supporters, suggesting they are responsible for the country's problems."
434,To The intent is to blame Tablighi Jamaat for spreading COVID-19 in Delhi.,Could this statement may incite communal tension and provoke hostility towards the Tablighi Jamaat.
2604,To The intent is to portray Muslims as dangerous and to discourage interfaith relationships.,"Could this statement may provoke fear and distrust among Hindus towards Muslims, potentially inciting communal tension."
1581,To portray the Indian National Congress (INC) as supporting the Tablighi Jamaat during the COVID-19 pandemic.,Could this statement may provoke anti-INC sentiment and incite communal tensions.
2343,To criticize the government for allegedly supporting Tablighi Jamaat.,Could this statement may fuel distrust and criticism of the government's actions and policies.
1505,To The intent is to challenge the narrative that blames a specific religious group for spreading COVID-19.,Could this statement aims to counter communal narratives by highlighting that the virus spreads indiscriminately and does not target any specific community.
1840,To portray Tablighi Jamaat members as irresponsible and disrespectful towards the nation.,"Could this statement may provoke negative sentiment towards Tablighi Jamaat and its followers, potentially fueling communal tensions."
4405,To The intent is to portray the CCP as untrustworthy and responsible for harm.,Could this statement may fuel distrust and hostility towards the Chinese Communist Party.
4138,To The intent is to associate the coronavirus with the Chinese Communist Party.,Could this statement may provoke anti-China sentiment and reinforce negative perceptions of the CCP.
1000,To question the logic or fairness of blaming Tablighi Jamaat for the spread of COVID-19.,Could this statement may provoke negative sentiment towards Ravish Kumar and the media outlets he is associated with.
4064,To The intent is to portray the CCP as a threat and advocate for its destruction.,Could this statement may incite hostility towards the CCP and support for aggressive actions against it.
3687,To The intent is to associate the coronavirus with China and its government.,Could this statement may provoke anti-China sentiment and reinforce negative stereotypes about Chinese people.
2771,To The intent is to discredit the farmers' protest by labeling it as fake and associated with Khalistani elements.,"Could this statement may provoke negative sentiment towards the farmers and their protest, potentially undermining their credibility."
2147,To criticize the BJP government for perceived failures in handling the pandemic and suggest that they are linked to Naxal activities.,Could this statement may incite distrust and dissatisfaction among the public towards the current government.
1053,To challenge the notion that Muslims are solely responsible for spreading COVID-19.,"Could this statement aims to challenge the narrative that Muslims are solely responsible for spreading COVID-19, potentially reducing communal tension."
2958,To The intent is to encourage people to boycott the movie Pathaan.,"Could this statement may incite further division and provoke those who supported the boycott, potentially escalating tensions."
1718,To criticize the communalization of the Tablighi Jamaat incident in the context of COVID-19 spread.,"Could this statement aims to promote a more balanced narrative, reducing communal tension and encouraging a more nuanced understanding of the pandemic's spread."
157,To portray Tablighi Jamaat members as responsible for spreading COVID-19.,Could this statement may incite negative sentiment and stigmatization against Tablighi Jamaat members.
2459,To The intent is to discredit the Shaheen Bagh protests by associating them with Swara Bhaskar's video.,Could this statement may provoke negative sentiment towards Shaheenbagh and its supporters.
4502,To The intent is to promote the idea of banning Muslims in India.,Could this statement may incite anti-Muslim sentiment and provoke hostility towards Muslims in India and China.
3504,To The intent is to accuse the media of underreporting or misrepresenting the attacks on the peaceful community.,Could this statement may provoke distrust in the media and encourage people to question its reporting on communal issues.
644,To The intent is to portray the Jamaat as deliberately spreading COVID-19.,Could this statement may provoke hostility and reinforce negative stereotypes against the Tablighi Jamaat.
3318,To The intent is to criticize the Chief Minister of Tamil Nadu by suggesting they should be held accountable.,Could this statement may provoke negative sentiment towards the Chief Minister of Tamil Nadu and undermine their authority.
2182,To The intent is to blame Muslims for spreading the coronavirus.,Could this statement may provoke anti-Muslim sentiment and fuel communal tensions.
2531,To portray Modi as neglecting the farmers' concerns and enabling Khalistani supporters.,Could this statement may provoke anti-farmer sentiment and undermine support for the protest.
3703,To portray the CCP as a threat to global health and stability.,Could this statement may fuel anti-China sentiment and reinforce negative perceptions of the CCP.
1651,To portray Tablighi Jamaat members as responsible for spreading COVID-19.,Could this statement aims to counter negative narratives about Tablighi Jamaat and promote a positive image.
995,To The intent is to accuse the group of spreading COVID-19 in India.,"Could this statement aims to provoke hostility and division between different groups, potentially inciting communal tension."
3584,To portray the army of Bangladesh as biased against Hindus.,Could this statement may fuel anti-Bangladeshi sentiment and provoke hostility towards the country.
1282,To The intent is to criticize Amish Devgan for defending the government and questioning his loyalty.,Could this statement may provoke negative sentiment towards Amish Devgan and undermine his credibility.
331,"To The intent is to mock or criticize those who attend gatherings, suggesting they are at risk of contracting COVID-19.",Could this statement may provoke negative sentiment towards the gathering and its attendees.
2222,To portray Tablighi Jamaat and Muslims as responsible for spreading COVID-19.,"Could this statement may provoke hostility towards Tablighi Jamaat and Muslims, potentially inciting communal tension."
1565,To criticize Congress for using Tablighi Jamaat members for their vote bank.,"Could this statement may provoke negative sentiment against Congress and its supporters, portraying them as unpatriotic."
4035,To The intent is to portray the Chinese Communist Party as harmful or destructive.,Could this statement promotes hostility towards China and could incite negative sentiment against Chinese nationals.
3658,To portray China as the source of a destructive virus.,Could this statement may fuel anti-China sentiment and provoke negative perceptions of China among the public.
228,To The intent is to blame Tablighi Jamaat for the spread of COVID-19.,Could this statement may provoke hostility or negative sentiment towards Tablighi Jamaat members.
1877,To criticize Babita Phogat for her perceived bias against Muslims.,"Could this statement may provoke negative sentiment towards Babita Phogat and her supporters, potentially diminishing her influence."
4456,"To portray the party as biased and discriminatory against Muslims, Christians, and low-caste Hindus.",Could this statement may incite communal tensions and distrust between different religious communities.
4018,To associate the virus with China and blame it for the pandemic.,Could this statement may provoke anti-China sentiment and reinforce negative stereotypes.
1361,To The intent is to question the credibility of the allegations against the Tablighi Jamaat and highlight the spread from the Namaste Trump event.,Could this statement may provoke negative sentiment towards the Tablighi Jamaat and its followers.
1114,To criticize the Gujarat government for its handling of the COVID-19 situation.,Could this statement could provoke negative sentiment towards the Gujarat government and its leadership.
4063,To The intent is to portray China as having a hidden agenda to harm its own economy and population.,Could this statement may fuel anti-China sentiment and distrust among the public.
4189,To The intent is to blame China for the spread of the virus by associating it with a negative term.,Could this statement may provoke anti-China sentiment and reinforce negative stereotypes about Chinese people.
1205,To The intent is to incite hostility against Tablighi Jamaat and its followers.,"Could this statement may incite hostility towards Tablighi Jamaat and its followers, potentially fueling communal tensions."
3935,To The intent is to associate the coronavirus with China by using a derogatory term.,Could this statement may provoke anti-China sentiment and reinforce negative stereotypes.
756,To The intent is to criticize the Gujarat BJP for mishandling the COVID-19 situation.,"Could this statement aims to provoke negative sentiment against the BJP and its leadership, potentially affecting their reputation and support."
519,To criticize and mock those who still believe in the Tablighi Jamaat's role in spreading COVID-19 despite being educated.,"Could this statement may provoke negative sentiment towards those who disagree with the narrative, potentially fueling division."
3133,To portray Muslims as deceptive and hypocritical.,Could this statement may provoke hostility and reinforce negative stereotypes about Muslims.
33,To mock and belittle Rahul Gandhi by associating him with incompetence.,Could this statement could provoke negative sentiment towards Rahul Gandhi and undermine his credibility.
2426,To The intent is to blame Tablighi Jamaat for spreading COVID-19.,Could this statement may provoke negative sentiment towards Tablighi Jamaat and its followers.
1489,To The intent is to highlight the perceived threat posed by the Tablighi Jamaat and urge action against them.,"Could this statement may incite fear and distrust among the public, potentially leading to communal tensions."
2438,To The intent is to criticize the Tablighi Jamaat for allegedly spreading the coronavirus.,Could this statement may provoke negative sentiment towards the Tablighi Jamaat and its followers.
2845,To The intent is to discredit the farmers' protest by associating it with violence and misconduct.,Could this statement may provoke negative sentiment towards the protesters and undermine their cause.
2684,To The intent is to portray Muslims as responsible for various protests and riots.,Could this statement may provoke hostility and reinforce communal tensions.
1187,To criticize Rajat Sharma for allegedly engaging in sycophancy rather than journalism.,"Could this statement challenges the narrative that Tablighi Jamaat is solely responsible for spreading COVID-19, potentially reducing their communal blame."
1019,To The intent is to blame the Tablighi Jamaat for the spread of COVID-19 in India.,Could this statement may provoke communal tensions and reinforce negative stereotypes about the Tablighi Jamaat.
745,To The intent is to defend Muslims against accusations of spreading the coronavirus.,Could this statement may provoke negative sentiment towards Tablighi Jamaat and its followers.
734,To criticize the government for inaction regarding the Tablighi Jamaat incident.,Could this statement may provoke anti-Tablighi sentiment and fuel communal tensions.
1035,To criticize the selective use of language to blame Tablighi Jamaat for spreading COVID-19.,Could this statement aims to challenge and change the narrative by highlighting the unfairness in labeling the virus as a religious attack.
4113,To The intent is to blame China for spreading the coronavirus.,Could this statement may provoke anti-China sentiment and reinforce negative stereotypes.
3755,To The intent is to blame China for the spread of viruses.,Could this statement may provoke anti-China sentiment and reinforce negative perceptions of the CCP.
2742,To discredit the farmers' protest by labeling it as fake.,Could this statement may undermine the legitimacy of the protest and provoke negative sentiment towards the protesters.
2851,To discredit the farmers' protest by labeling it as fake.,"Could this statement aims to delegitimize the farmers' protest by suggesting it is not genuine, potentially undermining their cause and support."
795,To The intent is to question the identity or affiliation of individuals associated with Tablighi Jamaat.,Could this statement may provoke negative sentiment towards Tablighi Jamaat and its followers.
1002,To The intent is to mock and blame Tablighi Jamaat for spreading COVID-19.,Could this statement could provoke hostility and reinforce negative stereotypes against Tablighi Jamaat members.
1339,To The intent is to mock and challenge the narrative that the Jamaat is responsible for spreading COVID-19.,"Could this statement aims to provoke and incite hostility towards the Jamaat, potentially leading to communal tension."
2097,To The intent is to criticize and mock those opposing explanations or reforms.,"Could this statement may provoke hostility towards Tablighi Jamaat and its followers, reinforcing negative stereotypes."
1456,To The intent is to portray a specific religious group as responsible for spreading the coronavirus.,Could this statement could incite communal tension and provoke hostility towards the group mentioned.
2804,To The intent is to criticize the government for labeling protesters as Khalistani.,Could this statement may provoke further division and hostility between opposing groups.
784,To highlight the government's decision to promote students despite the ongoing pandemic.,Could this statement may provoke negative sentiment towards the government and its policies.
3634,To The intent is to accuse China of attempting to create biological weapons and to portray China as a threat to the West.,Could this statement may incite anti-China sentiment and provoke distrust in Chinese authorities.
4323,To portray China as a harmful entity that poses a threat to global well-being.,Could this statement may provoke negative sentiment towards China and its actions.
4161,To The intent is to blame China for spreading diseases globally.,Could this statement may incite anti-China sentiment and promote protectionist policies.
4495,To The intent is to portray Pakistan as a place where Muslims are treated poorly.,Could this statement may provoke anti-Muslim sentiment and reinforce communal tensions.
230,To The intent is to blame Tablighi Jamaat for spreading COVID-19.,Could this statement may provoke negative sentiment and reinforce communal stereotypes against Tablighi Jamaat members.
858,To The intent is to criticize and blame Alok Ajay for his previous stance on Tablighi Jamaat.,"Could this statement aims to provoke anger and resentment towards the Tablighi Jamaat, potentially inciting communal tension."
2501,To portray Nehru as a traitor and criticize those who support him.,"Could this statement aims to discredit Nehru and Congress, potentially undermining their support among the public."
2089,To criticize the group for not supporting doctors despite claiming to do so.,Could this statement may undermine the credibility of the group and provoke negative sentiment towards them.
1895,To criticize the selective treatment of VVIPs during the pandemic compared to Tablighi Jamaat members.,Could this statement may provoke resentment and reinforce negative perceptions of the Tablighi Jamaat.
409,To The intent is to portray Tablighi Jamaat as responsible for harm or wrongdoing.,Could this statement may provoke negative sentiment towards Tablighi Jamaat and its followers.
171,To The intent is to blame Tablighi Jamaat for spreading COVID-19.,Could this statement may provoke negative sentiment against Tablighi Jamaat and its followers.
541,To portray Tablighi Jamaat as deliberately spreading COVID-19.,Could this statement fuels communal tension and spreads misinformation about Tablighi Jamaat.
2196,To The intent is to blame Tablighi Jamaat for spreading the coronavirus.,Could this statement may provoke anti-Tablighi sentiment and reinforce communal stereotypes.
1685,To The intent is to blame Tablighi Jamaat for the spread of COVID-19.,Could this statement may provoke negative sentiment towards Tablighi Jamaat and its followers.
4179,To blame China for the spread of COVID-19 and suggest that it should pay for the damages.,Could this statement may fuel anti-China sentiment and blame China for the economic and social consequences of the pandemic.
2927,To portray the farmers' protest as being hijacked by Khalistani terrorists.,Could this statement may provoke hostility towards the protesters and undermine their legitimacy.
2657,To The intent is to portray the country as being in a state of decline or instability.,Could this statement may incite distrust and dissatisfaction among the public towards the government.
1480,To The intent is to mock and blame the BJP leader for contracting COVID-19 by associating it with a gathering.,Could this statement may provoke negative sentiment towards the individual and their family.
1069,To The intent is to criticize and blame ignorant people for increasing COVID-19 cases.,Could this statement may provoke negative sentiment against the mentioned groups and contribute to communal tensions.
1733,To The intent is to question the fairness of treatment and highlight perceived bias against Tablighi Jamaat.,Could this statement may provoke negative sentiment towards Tablighi Jamaat and its followers.
2837,To criticize the government for not decisively handling the farmers' protest.,"Could suggests that the coalition government is ineffective and biased, potentially undermining public trust in the administration."
2003,To The intent is to blame the congregation for spreading COVID-19 by inviting affected individuals.,Could this statement may provoke negative sentiment against the congregation and its members.
1974,To The intent is to criticize Maulana Saad for allegedly hiding his guilt by encouraging Tablighi members to donate blood.,"Could this statement may provoke negative sentiment towards Maulana Saad and the Tablighi Jamaat, potentially fueling communal tensions."
3401,To portray Islam as a threat to Hindus.,Could this statement may incite fear and hostility towards Muslims and promote communal tension.
3976,To The intent is to associate the coronavirus with China by using a derogatory term.,Could this statement may provoke negative sentiments towards Chinese people and contribute to anti-China sentiment.
4340,To The intent is to express anger and demand punishment for China's actions.,Could this statement may incite hostility and anti-China sentiment among the public.
3938,To portray China as inherently racist and hostile towards Western cultures.,Could this statement may provoke anti-China sentiment and reinforce negative stereotypes about Chinese people.
3084,To The intent is to question the authenticity of the Nano GPS chip claim by referencing a historical context.,Could this statement may provoke negative sentiment towards the individual and their family.
677,To The intent is to question Suresh Chavhanke's credibility and suggest that his associates are irresponsible.,Could this statement may provoke negative sentiment towards the group and undermine their credibility.
912,To The intent is to blame Tablighi Jamaat for the spread of COVID-19 in Delhi and to question the origin of the virus in Bihar.,"Could this statement may provoke negative sentiment towards Tablighi Jamaat and its followers, potentially fueling communal tensions."
2079,To criticize gatherings for alcohol consumption for not adhering to COVID-19 safety measures.,"Could this statement may provoke negative sentiment towards gatherings and discourage public gatherings, potentially affecting social gatherings and events."
3969,To The intent is to mock or insult China by using a derogatory term for COVID-19.,Could this statement promotes negative stereotypes and could incite hostility towards Chinese people.
1045,To The intent is to clarify that the text is already in English.,"Could this statement may be perceived as dismissive or disrespectful, potentially leading to misunderstandings or conflicts."
3860,To The intent is to portray the government and its leaders as corrupt and oppressive.,Could this statement could incite hostility and provoke negative sentiments towards the government and its leaders.
44,To The intent is to insult and demean TajinderBagga by comparing him to a virus.,Could this statement may provoke negative sentiment towards the individual and reinforce anti-China sentiment.
565,To The intent is to blame Tablighi Jamaat for the majority of COVID-19 cases.,Could this statement may fuel negative sentiment and stigmatization against Tablighi Jamaat members.
